date,week_group,adt,imputed_adt,adt_prop,store_cnt,cfm_cases,asym_cases,covid_group
2019-01-01,0.0,10849.0,10849.0,1.0,146.0,0.0,0.0,-1.0
2019-01-02,0.0,9526.0,9526.0,1.0,160.0,0.0,0.0,-1.0
2019-01-03,0.0,10027.0,10027.0,1.0,160.0,0.0,0.0,-1.0
2019-01-04,0.0,10694.0,10694.0,1.0,160.0,0.0,0.0,-1.0
2019-01-05,0.0,11591.0,11591.0,1.0,160.0,0.0,0.0,-1.0
2019-01-06,0.0,11360.0,11360.0,1.0,159.0,0.0,0.0,-1.0
2019-01-07,1.0,8347.0,8347.0,1.0,159.0,0.0,0.0,-1.0
2019-01-08,1.0,8577.0,8577.0,1.0,159.0,0.0,0.0,-1.0
2019-01-09,1.0,8353.0,8353.0,1.0,159.0,0.0,0.0,-1.0
2019-01-10,1.0,8506.0,8506.0,1.0,160.0,0.0,0.0,-1.0
2019-01-11,1.0,10055.0,10055.0,1.0,160.0,0.0,0.0,-1.0
2019-01-12,1.0,11435.0,11435.0,1.0,160.0,0.0,0.0,-1.0
2019-01-13,1.0,11257.0,11257.0,1.0,160.0,0.0,0.0,-1.0
2019-01-14,2.0,9031.0,9031.0,1.0,160.0,0.0,0.0,-1.0
2019-01-15,2.0,8461.0,8461.0,1.0,160.0,0.0,0.0,-1.0
2019-01-16,2.0,9554.0,9554.0,1.0,160.0,0.0,0.0,-1.0
2019-01-17,2.0,9315.0,9315.0,1.0,160.0,0.0,0.0,-1.0
2019-01-18,2.0,9825.0,9825.0,1.0,161.0,0.0,0.0,-1.0
2019-01-19,2.0,10991.0,10991.0,1.0,161.0,0.0,0.0,-1.0
2019-01-20,2.0,11094.0,11094.0,1.0,161.0,0.0,0.0,-1.0
2019-01-21,3.0,9016.0,9016.0,1.0,161.0,0.0,0.0,-1.0
2019-01-22,3.0,9364.0,9364.0,1.0,161.0,0.0,0.0,-1.0
2019-01-23,3.0,9084.0,9084.0,1.0,161.0,0.0,0.0,-1.0
2019-01-24,3.0,9018.0,9018.0,1.0,161.0,0.0,0.0,-1.0
2019-01-25,3.0,9727.0,9727.0,1.0,161.0,0.0,0.0,-1.0
2019-01-26,3.0,10262.0,10262.0,1.0,160.0,0.0,0.0,-1.0
2019-01-27,3.0,10238.0,10238.0,1.0,160.0,0.0,0.0,-1.0
2019-01-28,4.0,9445.0,9445.0,1.0,161.0,0.0,0.0,-1.0
2019-01-29,4.0,9451.0,9451.0,1.0,163.0,0.0,0.0,-1.0
2019-01-30,4.0,8977.0,8977.0,1.0,163.0,0.0,0.0,-1.0
2019-01-31,4.0,8759.0,8759.0,1.0,163.0,0.0,0.0,-1.0
2019-02-01,4.0,8395.0,8395.0,1.0,163.0,0.0,0.0,-1.0
2019-02-02,4.0,7772.0,7772.0,1.0,162.0,0.0,0.0,-1.0
2019-02-03,4.0,7584.0,7584.0,1.0,162.0,0.0,0.0,-1.0
2019-02-04,5.0,4381.0,8694.241884203082,0.5038967236418871,139.0,0.0,0.0,-1.0
2019-02-05,5.0,6278.0,8953.460674530934,0.7011813898796065,138.0,0.0,0.0,-1.0
2019-02-06,5.0,5551.0,9063.481947659013,0.6124577763884393,137.0,0.0,0.0,-1.0
2019-02-07,5.0,5808.0,9073.338121453971,0.6401172228186828,135.0,0.0,0.0,-1.0
2019-02-08,5.0,6124.0,10223.13396634214,0.5990335273079846,137.0,0.0,0.0,-1.0
2019-02-09,5.0,7494.0,11037.191110564616,0.6789770988768028,138.0,0.0,0.0,-1.0
2019-02-10,5.0,9074.0,10671.4853474098,0.8503033743285283,139.0,0.0,0.0,-1.0
2019-02-11,6.0,8635.0,8635.0,1.0,164.0,0.0,0.0,-1.0
2019-02-12,6.0,8181.0,8181.0,1.0,164.0,0.0,0.0,-1.0
2019-02-13,6.0,8261.0,8261.0,1.0,165.0,0.0,0.0,-1.0
2019-02-14,6.0,10412.0,10412.0,1.0,165.0,0.0,0.0,-1.0
2019-02-15,6.0,9404.0,9404.0,1.0,165.0,0.0,0.0,-1.0
2019-02-16,6.0,10712.0,10712.0,1.0,164.0,0.0,0.0,-1.0
2019-02-17,6.0,10511.0,10511.0,1.0,162.0,0.0,0.0,-1.0
2019-02-18,7.0,7116.0,7116.0,1.0,166.0,0.0,0.0,-1.0
2019-02-19,7.0,8498.0,8498.0,1.0,165.0,0.0,0.0,-1.0
2019-02-20,7.0,9618.0,9618.0,1.0,165.0,0.0,0.0,-1.0
2019-02-21,7.0,9697.0,9697.0,1.0,165.0,0.0,0.0,-1.0
2019-02-22,7.0,10872.0,10872.0,1.0,165.0,0.0,0.0,-1.0
2019-02-23,7.0,11332.0,11332.0,1.0,164.0,0.0,0.0,-1.0
2019-02-24,7.0,12052.0,12052.0,1.0,163.0,0.0,0.0,-1.0
2019-02-25,8.0,8725.0,8725.0,1.0,165.0,0.0,0.0,-1.0
2019-02-26,8.0,9968.0,9968.0,1.0,165.0,0.0,0.0,-1.0
2019-02-27,8.0,9979.0,9979.0,1.0,165.0,0.0,0.0,-1.0
2019-02-28,8.0,10066.0,10066.0,1.0,165.0,0.0,0.0,-1.0
2019-03-01,8.0,10792.0,10792.0,1.0,165.0,0.0,0.0,-1.0
2019-03-02,8.0,13105.0,13105.0,1.0,164.0,0.0,0.0,-1.0
2019-03-03,8.0,12351.0,12351.0,1.0,163.0,0.0,0.0,-1.0
2019-03-04,9.0,9663.0,9663.0,1.0,164.0,0.0,0.0,-1.0
2019-03-05,9.0,9674.0,9674.0,1.0,164.0,0.0,0.0,-1.0
2019-03-06,9.0,9209.0,9209.0,1.0,164.0,0.0,0.0,-1.0
2019-03-07,9.0,8899.0,8899.0,1.0,163.0,0.0,0.0,-1.0
2019-03-08,9.0,12239.0,12239.0,1.0,163.0,0.0,0.0,-1.0
2019-03-09,9.0,11504.0,11504.0,1.0,161.0,0.0,0.0,-1.0
2019-03-10,9.0,11401.0,11401.0,1.0,160.0,0.0,0.0,-1.0
2019-03-11,10.0,8987.0,8987.0,1.0,163.0,0.0,0.0,-1.0
2019-03-12,10.0,9592.0,9592.0,1.0,163.0,0.0,0.0,-1.0
2019-03-13,10.0,9651.0,9651.0,1.0,163.0,0.0,0.0,-1.0
2019-03-14,10.0,8494.0,8494.0,1.0,163.0,0.0,0.0,-1.0
2019-03-15,10.0,10466.0,10466.0,1.0,163.0,0.0,0.0,-1.0
2019-03-16,10.0,13018.0,13018.0,1.0,161.0,0.0,0.0,-1.0
2019-03-17,10.0,12329.0,12329.0,1.0,160.0,0.0,0.0,-1.0
2019-03-18,11.0,12864.0,12864.0,1.0,163.0,0.0,0.0,-1.0
2019-03-19,11.0,13568.0,13568.0,1.0,163.0,0.0,0.0,-1.0
2019-03-20,11.0,9594.0,9594.0,1.0,163.0,0.0,0.0,-1.0
2019-03-21,11.0,3072.0,9319.45324773595,0.3296330716339293,157.0,0.0,0.0,-1.0
2019-03-22,11.0,3548.0,10427.603203427185,0.3402507681567608,161.0,0.0,0.0,-1.0
2019-03-23,11.0,4085.0,11200.91120544872,0.3647024715286412,157.0,0.0,0.0,-1.0
2019-03-24,11.0,3980.0,10796.215467978893,0.3686476999097051,155.0,0.0,0.0,-1.0
2019-03-25,12.0,3882.0,8614.607146448474,0.4506299514308582,161.0,0.0,0.0,-1.0
2019-03-26,12.0,4038.0,8819.503103067347,0.4578489233249,157.0,0.0,0.0,-1.0
2019-03-27,12.0,4243.0,8883.87580870496,0.4776068566652465,159.0,0.0,0.0,-1.0
2019-03-28,12.0,4492.0,8858.021238545716,0.5071109990629784,159.0,0.0,0.0,-1.0
2019-03-29,12.0,4517.0,9983.000446998014,0.4524691773762572,159.0,0.0,0.0,-1.0
2019-03-30,12.0,5847.0,10783.765741655425,0.5422039146690906,158.0,0.0,0.0,-1.0
2019-03-31,12.0,5278.0,10416.588677929956,0.5066917935602766,156.0,0.0,0.0,-1.0
2019-04-01,13.0,4192.0,8281.759015866804,0.5061726611422352,159.0,0.0,0.0,-1.0
2019-04-02,13.0,4085.0,8541.678389639634,0.4782432460761781,159.0,0.0,0.0,-1.0
2019-04-03,13.0,4232.0,8668.116493893074,0.4882260180722721,160.0,0.0,0.0,-1.0
2019-04-04,13.0,4323.0,8710.009925555925,0.4963254964056863,159.0,0.0,0.0,-1.0
2019-04-05,13.0,4429.0,9906.938526465568,0.447060410051833,144.0,0.0,0.0,-1.0
2019-04-06,13.0,4575.0,10782.28920813178,0.4243069270067092,149.0,0.0,0.0,-1.0
2019-04-07,13.0,4179.0,10490.723469678614,0.3983519356008747,148.0,0.0,0.0,-1.0
2019-04-08,14.0,7229.0,7229.0,1.0,164.0,0.0,0.0,-1.0
2019-04-09,14.0,9741.0,9741.0,1.0,164.0,0.0,0.0,-1.0
2019-04-10,14.0,10141.0,10141.0,1.0,164.0,0.0,0.0,-1.0
2019-04-11,14.0,10158.0,10158.0,1.0,164.0,0.0,0.0,-1.0
2019-04-12,14.0,9818.0,9818.0,1.0,164.0,0.0,0.0,-1.0
2019-04-13,14.0,12867.0,12867.0,1.0,163.0,0.0,0.0,-1.0
2019-04-14,14.0,11626.0,11626.0,1.0,162.0,0.0,0.0,-1.0
2019-04-15,15.0,9547.0,9547.0,1.0,164.0,0.0,0.0,-1.0
2019-04-16,15.0,8994.0,8994.0,1.0,164.0,0.0,0.0,-1.0
2019-04-17,15.0,10527.0,10527.0,1.0,164.0,0.0,0.0,-1.0
2019-04-18,15.0,9191.0,9191.0,1.0,164.0,0.0,0.0,-1.0
2019-04-19,15.0,8888.0,8888.0,1.0,164.0,0.0,0.0,-1.0
2019-04-20,15.0,11098.0,11098.0,1.0,163.0,0.0,0.0,-1.0
2019-04-21,15.0,13548.0,13548.0,1.0,162.0,0.0,0.0,-1.0
2019-04-22,16.0,9900.0,9900.0,1.0,164.0,0.0,0.0,-1.0
2019-04-23,16.0,9804.0,9804.0,1.0,164.0,0.0,0.0,-1.0
2019-04-24,16.0,10041.0,10041.0,1.0,164.0,0.0,0.0,-1.0
2019-04-25,16.0,10583.0,10583.0,1.0,164.0,0.0,0.0,-1.0
2019-04-26,16.0,11749.0,11749.0,1.0,164.0,0.0,0.0,-1.0
2019-04-27,16.0,12444.0,12444.0,1.0,165.0,0.0,0.0,-1.0
2019-04-28,16.0,10740.0,10740.0,1.0,165.0,0.0,0.0,-1.0
2019-04-29,17.0,11650.0,11650.0,1.0,166.0,0.0,0.0,-1.0
2019-04-30,17.0,11551.0,11551.0,1.0,166.0,0.0,0.0,-1.0
2019-05-01,17.0,11508.0,11508.0,1.0,152.0,0.0,0.0,-1.0
2019-05-02,17.0,9648.0,9648.0,1.0,158.0,0.0,0.0,-1.0
2019-05-03,17.0,10232.0,10232.0,1.0,159.0,0.0,0.0,-1.0
2019-05-04,17.0,10249.0,10249.0,1.0,159.0,0.0,0.0,-1.0
2019-05-05,17.0,9971.0,9971.0,1.0,166.0,0.0,0.0,-1.0
2019-05-06,18.0,8717.0,8717.0,1.0,167.0,0.0,0.0,-1.0
2019-05-07,18.0,8800.0,8800.0,1.0,166.0,0.0,0.0,-1.0
2019-05-08,18.0,8642.0,8642.0,1.0,166.0,0.0,0.0,-1.0
2019-05-09,18.0,9805.0,9805.0,1.0,167.0,0.0,0.0,-1.0
2019-05-10,18.0,11791.0,11791.0,1.0,167.0,0.0,0.0,-1.0
2019-05-11,18.0,13369.0,13369.0,1.0,166.0,0.0,0.0,-1.0
2019-05-12,18.0,13003.0,13003.0,1.0,165.0,0.0,0.0,-1.0
2019-05-13,19.0,9467.0,9467.0,1.0,166.0,0.0,0.0,-1.0
2019-05-14,19.0,9770.0,9770.0,1.0,166.0,0.0,0.0,-1.0
2019-05-15,19.0,9779.0,9779.0,1.0,167.0,0.0,0.0,-1.0
2019-05-16,19.0,9913.0,9913.0,1.0,166.0,0.0,0.0,-1.0
2019-05-17,19.0,11953.0,11953.0,1.0,166.0,0.0,0.0,-1.0
2019-05-18,19.0,13121.0,13121.0,1.0,164.0,0.0,0.0,-1.0
2019-05-19,19.0,12748.0,12748.0,1.0,163.0,0.0,0.0,-1.0
2019-05-20,20.0,9898.0,9898.0,1.0,166.0,0.0,0.0,-1.0
2019-05-21,20.0,9686.0,9686.0,1.0,166.0,0.0,0.0,-1.0
2019-05-22,20.0,9940.0,9940.0,1.0,166.0,0.0,0.0,-1.0
2019-05-23,20.0,9350.0,9350.0,1.0,166.0,0.0,0.0,-1.0
2019-05-24,20.0,11611.0,11611.0,1.0,167.0,0.0,0.0,-1.0
2019-05-25,20.0,13221.0,13221.0,1.0,165.0,0.0,0.0,-1.0
2019-05-26,20.0,11958.0,11958.0,1.0,164.0,0.0,0.0,-1.0
2019-05-27,21.0,8662.0,8662.0,1.0,167.0,0.0,0.0,-1.0
2019-05-28,21.0,8572.0,8572.0,1.0,168.0,0.0,0.0,-1.0
2019-05-29,21.0,9687.0,9687.0,1.0,168.0,0.0,0.0,-1.0
2019-05-30,21.0,9470.0,9470.0,1.0,168.0,0.0,0.0,-1.0
2019-05-31,21.0,11279.0,11279.0,1.0,169.0,0.0,0.0,-1.0
2019-06-01,21.0,13516.0,13516.0,1.0,169.0,0.0,0.0,-1.0
2019-06-02,21.0,11636.0,11636.0,1.0,168.0,0.0,0.0,-1.0
2019-06-03,22.0,9497.0,9497.0,1.0,171.0,0.0,0.0,-1.0
2019-06-04,22.0,9166.0,9166.0,1.0,171.0,0.0,0.0,-1.0
2019-06-05,22.0,10583.0,10583.0,1.0,171.0,0.0,0.0,-1.0
2019-06-06,22.0,11373.0,11373.0,1.0,171.0,0.0,0.0,-1.0
2019-06-07,22.0,11750.0,11750.0,1.0,159.0,0.0,0.0,-1.0
2019-06-08,22.0,11337.0,11337.0,1.0,164.0,0.0,0.0,-1.0
2019-06-09,22.0,11379.0,11379.0,1.0,164.0,0.0,0.0,-1.0
2019-06-10,23.0,8342.0,8342.0,1.0,171.0,0.0,0.0,-1.0
2019-06-11,23.0,8249.0,8249.0,1.0,171.0,0.0,0.0,-1.0
2019-06-12,23.0,9456.0,9456.0,1.0,171.0,0.0,0.0,-1.0
2019-06-13,23.0,8859.0,8859.0,1.0,172.0,0.0,0.0,-1.0
2019-06-14,23.0,12932.0,12932.0,1.0,172.0,0.0,0.0,-1.0
2019-06-15,23.0,13497.0,13497.0,1.0,170.0,0.0,0.0,-1.0
2019-06-16,23.0,13005.0,13005.0,1.0,169.0,0.0,0.0,-1.0
2019-06-17,24.0,9399.0,9399.0,1.0,172.0,0.0,0.0,-1.0
2019-06-18,24.0,9586.0,9586.0,1.0,172.0,0.0,0.0,-1.0
2019-06-19,24.0,10095.0,10095.0,1.0,172.0,0.0,0.0,-1.0
2019-06-20,24.0,10127.0,10127.0,1.0,172.0,0.0,0.0,-1.0
2019-06-21,24.0,12317.0,12317.0,1.0,172.0,0.0,0.0,-1.0
2019-06-22,24.0,13023.0,13023.0,1.0,169.0,0.0,0.0,-1.0
2019-06-23,24.0,12700.0,12700.0,1.0,168.0,0.0,0.0,-1.0
2019-06-24,25.0,8270.0,8270.0,1.0,171.0,0.0,0.0,-1.0
2019-06-25,25.0,9482.0,9482.0,1.0,171.0,0.0,0.0,-1.0
2019-06-26,25.0,9792.0,9792.0,1.0,171.0,0.0,0.0,-1.0
2019-06-27,25.0,9845.0,9845.0,1.0,171.0,0.0,0.0,-1.0
2019-06-28,25.0,12213.0,12213.0,1.0,171.0,0.0,0.0,-1.0
2019-06-29,25.0,12892.0,12892.0,1.0,170.0,0.0,0.0,-1.0
2019-06-30,25.0,12477.0,12477.0,1.0,169.0,0.0,0.0,-1.0
2019-07-01,26.0,10509.0,10509.0,1.0,172.0,0.0,0.0,-1.0
2019-07-02,26.0,10158.0,10158.0,1.0,172.0,0.0,0.0,-1.0
2019-07-03,26.0,8800.0,8800.0,1.0,172.0,0.0,0.0,-1.0
2019-07-04,26.0,10149.0,10149.0,1.0,172.0,0.0,0.0,-1.0
2019-07-05,26.0,11416.0,11416.0,1.0,172.0,0.0,0.0,-1.0
2019-07-06,26.0,12379.0,12379.0,1.0,170.0,0.0,0.0,-1.0
2019-07-07,26.0,12309.0,12309.0,1.0,168.0,0.0,0.0,-1.0
2019-07-08,27.0,10075.0,10075.0,1.0,172.0,0.0,0.0,-1.0
2019-07-09,27.0,9783.0,9783.0,1.0,172.0,0.0,0.0,-1.0
2019-07-10,27.0,8768.0,8768.0,1.0,172.0,0.0,0.0,-1.0
2019-07-11,27.0,10301.0,10301.0,1.0,173.0,0.0,0.0,-1.0
2019-07-12,27.0,11818.0,11818.0,1.0,173.0,0.0,0.0,-1.0
2019-07-13,27.0,12636.0,12636.0,1.0,171.0,0.0,0.0,-1.0
2019-07-14,27.0,12645.0,12645.0,1.0,169.0,0.0,0.0,-1.0
2019-07-15,28.0,10159.0,10159.0,1.0,173.0,0.0,0.0,-1.0
2019-07-16,28.0,10371.0,10371.0,1.0,173.0,0.0,0.0,-1.0
2019-07-17,28.0,10548.0,10548.0,1.0,173.0,0.0,0.0,-1.0
2019-07-18,28.0,10046.0,10046.0,1.0,173.0,0.0,0.0,-1.0
2019-07-19,28.0,10411.0,10411.0,1.0,173.0,0.0,0.0,-1.0
2019-07-20,28.0,11392.0,11392.0,1.0,171.0,0.0,0.0,-1.0
2019-07-21,28.0,12226.0,12226.0,1.0,169.0,0.0,0.0,-1.0
2019-07-22,29.0,9366.0,9366.0,1.0,174.0,0.0,0.0,-1.0
2019-07-23,29.0,10474.0,10474.0,1.0,174.0,0.0,0.0,-1.0
2019-07-24,29.0,10389.0,10389.0,1.0,174.0,0.0,0.0,-1.0
2019-07-25,29.0,10733.0,10733.0,1.0,174.0,0.0,0.0,-1.0
2019-07-26,29.0,10952.0,10952.0,1.0,174.0,0.0,0.0,-1.0
2019-07-27,29.0,12320.0,12320.0,1.0,172.0,0.0,0.0,-1.0
2019-07-28,29.0,11994.0,11994.0,1.0,170.0,0.0,0.0,-1.0
2019-07-29,30.0,9873.0,9873.0,1.0,174.0,0.0,0.0,-1.0
2019-07-30,30.0,10493.0,10493.0,1.0,174.0,0.0,0.0,-1.0
2019-07-31,30.0,8238.0,8238.0,1.0,174.0,0.0,0.0,-1.0
2019-08-01,30.0,8122.0,8122.0,1.0,173.0,0.0,0.0,-1.0
2019-08-02,30.0,11586.0,11586.0,1.0,174.0,0.0,0.0,-1.0
2019-08-03,30.0,12231.0,12231.0,1.0,173.0,0.0,0.0,-1.0
2019-08-04,30.0,13029.0,13029.0,1.0,171.0,0.0,0.0,-1.0
2019-08-05,31.0,10418.0,10418.0,1.0,175.0,0.0,0.0,-1.0
2019-08-06,31.0,8696.0,8696.0,1.0,175.0,0.0,0.0,-1.0
2019-08-07,31.0,11198.0,11198.0,1.0,175.0,0.0,0.0,-1.0
2019-08-08,31.0,10356.0,10356.0,1.0,175.0,0.0,0.0,-1.0
2019-08-09,31.0,11266.0,11266.0,1.0,175.0,0.0,0.0,-1.0
2019-08-10,31.0,11785.0,11785.0,1.0,173.0,0.0,0.0,-1.0
2019-08-11,31.0,12159.0,12159.0,1.0,171.0,0.0,0.0,-1.0
2019-08-12,32.0,10119.0,10119.0,1.0,175.0,0.0,0.0,-1.0
2019-08-13,32.0,10698.0,10698.0,1.0,175.0,0.0,0.0,-1.0
2019-08-14,32.0,9986.0,9986.0,1.0,175.0,0.0,0.0,-1.0
2019-08-15,32.0,10356.0,10356.0,1.0,175.0,0.0,0.0,-1.0
2019-08-16,32.0,10702.0,10702.0,1.0,175.0,0.0,0.0,-1.0
2019-08-17,32.0,11620.0,11620.0,1.0,173.0,0.0,0.0,-1.0
2019-08-18,32.0,10251.0,10251.0,1.0,171.0,0.0,0.0,-1.0
2019-08-19,33.0,9743.0,9743.0,1.0,175.0,0.0,0.0,-1.0
2019-08-20,33.0,9694.0,9694.0,1.0,175.0,0.0,0.0,-1.0
2019-08-21,33.0,10121.0,10121.0,1.0,175.0,0.0,0.0,-1.0
2019-08-22,33.0,9644.0,9644.0,1.0,175.0,0.0,0.0,-1.0
2019-08-23,33.0,10175.0,10175.0,1.0,175.0,0.0,0.0,-1.0
2019-08-24,33.0,12056.0,12056.0,1.0,173.0,0.0,0.0,-1.0
2019-08-25,33.0,9076.0,9076.0,1.0,170.0,0.0,0.0,-1.0
2019-08-26,34.0,9022.0,9022.0,1.0,175.0,0.0,0.0,-1.0
2019-08-27,34.0,9870.0,9870.0,1.0,175.0,0.0,0.0,-1.0
2019-08-28,34.0,10013.0,10013.0,1.0,175.0,0.0,0.0,-1.0
2019-08-29,34.0,9706.0,9706.0,1.0,175.0,0.0,0.0,-1.0
2019-08-30,34.0,10524.0,10524.0,1.0,175.0,0.0,0.0,-1.0
2019-08-31,34.0,11603.0,11603.0,1.0,173.0,0.0,0.0,-1.0
2019-09-01,34.0,11424.0,11424.0,1.0,169.0,0.0,0.0,-1.0
2019-09-02,35.0,8147.0,8147.0,1.0,174.0,0.0,0.0,-1.0
2019-09-03,35.0,9675.0,9675.0,1.0,174.0,0.0,0.0,-1.0
2019-09-04,35.0,9210.0,9210.0,1.0,175.0,0.0,0.0,-1.0
2019-09-05,35.0,9649.0,9649.0,1.0,174.0,0.0,0.0,-1.0
2019-09-06,35.0,11069.0,11069.0,1.0,174.0,0.0,0.0,-1.0
2019-09-07,35.0,12971.0,12971.0,1.0,172.0,0.0,0.0,-1.0
2019-09-08,35.0,12470.0,12470.0,1.0,169.0,0.0,0.0,-1.0
2019-09-09,36.0,9624.0,9624.0,1.0,174.0,0.0,0.0,-1.0
2019-09-10,36.0,10308.0,10308.0,1.0,175.0,0.0,0.0,-1.0
2019-09-11,36.0,10137.0,10137.0,1.0,176.0,0.0,0.0,-1.0
2019-09-12,36.0,11074.0,11074.0,1.0,175.0,0.0,0.0,-1.0
2019-09-13,36.0,11012.0,11012.0,1.0,157.0,0.0,0.0,-1.0
2019-09-14,36.0,10628.0,10628.0,1.0,164.0,0.0,0.0,-1.0
2019-09-15,36.0,11271.0,11271.0,1.0,163.0,0.0,0.0,-1.0
2019-09-16,37.0,8089.0,8089.0,1.0,176.0,0.0,0.0,-1.0
2019-09-17,37.0,8405.0,8405.0,1.0,177.0,0.0,0.0,-1.0
2019-09-18,37.0,9706.0,9706.0,1.0,177.0,0.0,0.0,-1.0
2019-09-19,37.0,9123.0,9123.0,1.0,177.0,0.0,0.0,-1.0
2019-09-20,37.0,10379.0,10379.0,1.0,177.0,0.0,0.0,-1.0
2019-09-21,37.0,12580.0,12580.0,1.0,175.0,0.0,0.0,-1.0
2019-09-22,37.0,12799.0,12799.0,1.0,172.0,0.0,0.0,-1.0
2019-09-23,38.0,8918.0,8918.0,1.0,177.0,0.0,0.0,-1.0
2019-09-24,38.0,9167.0,9167.0,1.0,178.0,0.0,0.0,-1.0
2019-09-25,38.0,9469.0,9469.0,1.0,179.0,0.0,0.0,-1.0
2019-09-26,38.0,9517.0,9517.0,1.0,178.0,0.0,0.0,-1.0
2019-09-27,38.0,9723.0,9723.0,1.0,179.0,0.0,0.0,-1.0
2019-09-28,38.0,11915.0,11915.0,1.0,178.0,0.0,0.0,-1.0
2019-09-29,38.0,9620.0,9620.0,1.0,180.0,0.0,0.0,-1.0
2019-09-30,39.0,13579.0,13579.0,1.0,179.0,0.0,0.0,-1.0
2019-10-01,39.0,9424.0,8876.448822468543,1.0616858372624722,157.0,0.0,0.0,-1.0
2019-10-02,39.0,8744.0,9003.445086765712,0.9711837986164792,157.0,0.0,0.0,-1.0
2019-10-03,39.0,8154.0,9041.441795247543,0.9018473142509184,157.0,0.0,0.0,-1.0
2019-10-04,39.0,7691.0,10229.99093832257,0.7518090725954355,158.0,0.0,0.0,-1.0
2019-10-05,39.0,8711.0,11092.572054837454,0.7853002853563746,158.0,0.0,0.0,-1.0
2019-10-06,39.0,9537.0,10784.056550104811,0.8843610895110995,162.0,0.0,0.0,-1.0
2019-10-07,40.0,10057.0,8703.440840780962,1.1555200045569085,164.0,0.0,0.0,-1.0
2019-10-08,40.0,8486.0,8486.0,1.0,181.0,0.0,0.0,-1.0
2019-10-09,40.0,8662.0,8662.0,1.0,181.0,0.0,0.0,-1.0
2019-10-10,40.0,8576.0,8576.0,1.0,181.0,0.0,0.0,-1.0
2019-10-11,40.0,10166.0,10166.0,1.0,181.0,0.0,0.0,-1.0
2019-10-12,40.0,10148.0,10148.0,1.0,181.0,0.0,0.0,-1.0
2019-10-13,40.0,11480.0,11480.0,1.0,175.0,0.0,0.0,-1.0
2019-10-14,41.0,8585.0,8585.0,1.0,181.0,0.0,0.0,-1.0
2019-10-15,41.0,8826.0,8826.0,1.0,181.0,0.0,0.0,-1.0
2019-10-16,41.0,9254.0,9254.0,1.0,181.0,0.0,0.0,-1.0
2019-10-17,41.0,9043.0,9043.0,1.0,181.0,0.0,0.0,-1.0
2019-10-18,41.0,11294.0,11294.0,1.0,181.0,0.0,0.0,-1.0
2019-10-19,41.0,12248.0,12248.0,1.0,178.0,0.0,0.0,-1.0
2019-10-20,41.0,12052.0,12052.0,1.0,174.0,0.0,0.0,-1.0
2019-10-21,42.0,8742.0,8742.0,1.0,181.0,0.0,0.0,-1.0
2019-10-22,42.0,9055.0,9055.0,1.0,181.0,0.0,0.0,-1.0
2019-10-23,42.0,9330.0,9330.0,1.0,181.0,0.0,0.0,-1.0
2019-10-24,42.0,9333.0,9333.0,1.0,181.0,0.0,0.0,-1.0
2019-10-25,42.0,11558.0,11558.0,1.0,182.0,0.0,0.0,-1.0
2019-10-26,42.0,11864.0,11864.0,1.0,180.0,0.0,0.0,-1.0
2019-10-27,42.0,12100.0,12100.0,1.0,175.0,0.0,0.0,-1.0
2019-10-28,43.0,8754.0,8754.0,1.0,183.0,0.0,0.0,-1.0
2019-10-29,43.0,9376.0,9376.0,1.0,183.0,0.0,0.0,-1.0
2019-10-30,43.0,9617.0,9617.0,1.0,183.0,0.0,0.0,-1.0
2019-10-31,43.0,9534.0,9534.0,1.0,183.0,0.0,0.0,-1.0
2019-11-01,43.0,11587.0,11587.0,1.0,183.0,0.0,0.0,-1.0
2019-11-02,43.0,12238.0,12238.0,1.0,180.0,0.0,0.0,-1.0
2019-11-03,43.0,11732.0,11732.0,1.0,176.0,0.0,0.0,-1.0
2019-11-04,44.0,8625.0,8625.0,1.0,183.0,0.0,0.0,-1.0
2019-11-05,44.0,9473.0,9473.0,1.0,184.0,0.0,0.0,-1.0
2019-11-06,44.0,9519.0,9519.0,1.0,184.0,0.0,0.0,-1.0
2019-11-07,44.0,9455.0,9455.0,1.0,184.0,0.0,0.0,-1.0
2019-11-08,44.0,11729.0,11729.0,1.0,184.0,0.0,0.0,-1.0
2019-11-09,44.0,12436.0,12436.0,1.0,180.0,0.0,0.0,-1.0
2019-11-10,44.0,11906.0,11906.0,1.0,177.0,0.0,0.0,-1.0
2019-11-11,45.0,9166.0,9166.0,1.0,184.0,0.0,0.0,-1.0
2019-11-12,45.0,9441.0,9441.0,1.0,184.0,0.0,0.0,-1.0
2019-11-13,45.0,10027.0,10027.0,1.0,184.0,0.0,0.0,-1.0
2019-11-14,45.0,9612.0,9612.0,1.0,184.0,0.0,0.0,-1.0
2019-11-15,45.0,11968.0,11968.0,1.0,184.0,0.0,0.0,-1.0
2019-11-16,45.0,12769.0,12769.0,1.0,181.0,0.0,0.0,-1.0
2019-11-17,45.0,12695.0,12695.0,1.0,176.0,0.0,0.0,-1.0
2019-11-18,46.0,9048.0,9048.0,1.0,184.0,0.0,0.0,-1.0
2019-11-19,46.0,9445.0,9445.0,1.0,184.0,0.0,0.0,-1.0
2019-11-20,46.0,9842.0,9842.0,1.0,184.0,0.0,0.0,-1.0
2019-11-21,46.0,9704.0,9704.0,1.0,184.0,0.0,0.0,-1.0
2019-11-22,46.0,12368.0,12368.0,1.0,184.0,0.0,0.0,-1.0
2019-11-23,46.0,12239.0,12239.0,1.0,180.0,0.0,0.0,-1.0
2019-11-24,46.0,12190.0,12190.0,1.0,176.0,0.0,0.0,-1.0
2019-11-25,47.0,8978.0,8978.0,1.0,184.0,0.0,0.0,-1.0
2019-11-26,47.0,9183.0,9183.0,1.0,184.0,0.0,0.0,-1.0
2019-11-27,47.0,9344.0,9344.0,1.0,184.0,0.0,0.0,-1.0
2019-11-28,47.0,10242.0,10242.0,1.0,186.0,0.0,0.0,-1.0
2019-11-29,47.0,12110.0,12110.0,1.0,186.0,0.0,0.0,-1.0
2019-11-30,47.0,12066.0,12066.0,1.0,182.0,0.0,0.0,-1.0
2019-12-01,47.0,12301.0,12301.0,1.0,178.0,0.0,0.0,-1.0
2019-12-02,48.0,9415.0,9415.0,1.0,186.0,0.0,0.0,-1.0
2019-12-03,48.0,9531.0,9531.0,1.0,186.0,0.0,0.0,-1.0
2019-12-04,48.0,9563.0,9563.0,1.0,186.0,0.0,0.0,-1.0
2019-12-05,48.0,9366.0,9366.0,1.0,186.0,0.0,0.0,-1.0
2019-12-06,48.0,11885.0,11885.0,1.0,185.0,0.0,0.0,-1.0
2019-12-07,48.0,12550.0,12550.0,1.0,181.0,0.0,0.0,-1.0
2019-12-08,48.0,12265.0,12265.0,1.0,177.0,0.0,0.0,-1.0
2019-12-09,49.0,9172.0,9172.0,1.0,185.0,0.0,0.0,-1.0
2019-12-10,49.0,9574.0,9574.0,1.0,185.0,0.0,0.0,-1.0
2019-12-11,49.0,9621.0,9621.0,1.0,185.0,0.0,0.0,-1.0
2019-12-12,49.0,9746.0,9746.0,1.0,185.0,0.0,0.0,-1.0
2019-12-13,49.0,11704.0,11704.0,1.0,185.0,0.0,0.0,-1.0
2019-12-14,49.0,12409.0,12409.0,1.0,181.0,0.0,0.0,-1.0
2019-12-15,49.0,11747.0,11747.0,1.0,177.0,0.0,0.0,-1.0
2019-12-16,50.0,9124.0,9124.0,1.0,185.0,0.0,0.0,-1.0
2019-12-17,50.0,10187.0,10187.0,1.0,185.0,0.0,0.0,-1.0
2019-12-18,50.0,10811.0,10811.0,1.0,185.0,0.0,0.0,-1.0
2019-12-19,50.0,10403.0,10403.0,1.0,185.0,0.0,0.0,-1.0
2019-12-20,50.0,12887.0,12887.0,1.0,186.0,0.0,0.0,-1.0
2019-12-21,50.0,14022.0,14022.0,1.0,182.0,0.0,0.0,-1.0
2019-12-22,50.0,13121.0,13121.0,1.0,178.0,0.0,0.0,-1.0
2019-12-23,51.0,10984.0,10984.0,1.0,186.0,0.0,0.0,-1.0
2019-12-24,51.0,11712.0,11712.0,1.0,187.0,0.0,0.0,-1.0
2019-12-25,51.0,12014.0,12014.0,1.0,187.0,0.0,0.0,-1.0
2019-12-26,51.0,10362.0,10362.0,1.0,189.0,0.0,0.0,-1.0
2019-12-27,51.0,11945.0,11945.0,1.0,190.0,0.0,0.0,-1.0
2019-12-28,51.0,12935.0,12935.0,1.0,186.0,0.0,0.0,-1.0
2019-12-29,51.0,11786.0,11786.0,1.0,182.0,0.0,0.0,-1.0
2019-12-30,52.0,9967.0,9967.0,1.0,190.0,0.0,0.0,-1.0
2019-12-31,52.0,13113.0,13113.0,1.0,191.0,0.0,0.0,-1.0
2020-01-01,52.0,11631.0,11631.0,1.0,176.0,0.0,0.0,-1.0
2020-01-02,52.0,9562.0,9562.0,1.0,191.0,0.0,0.0,-1.0
2020-01-03,52.0,11136.0,11136.0,1.0,191.0,0.0,0.0,-1.0
2020-01-04,52.0,11862.0,11862.0,1.0,187.0,0.0,0.0,-1.0
2020-01-05,52.0,11566.0,11566.0,1.0,182.0,0.0,0.0,-1.0
2020-01-06,53.0,10025.0,10025.0,1.0,192.0,0.0,0.0,-1.0
2020-01-07,53.0,10028.0,10028.0,1.0,191.0,0.0,0.0,-1.0
2020-01-08,53.0,10036.0,10036.0,1.0,192.0,0.0,0.0,-1.0
2020-01-09,53.0,9903.0,9903.0,1.0,192.0,0.0,0.0,-1.0
2020-01-10,53.0,11250.0,11250.0,1.0,192.0,,,0.0
2020-01-11,53.0,12789.0,12789.0,1.0,188.0,,,0.0
2020-01-12,53.0,12959.0,12959.0,1.0,182.0,,,0.0
2020-01-13,54.0,10183.0,10183.0,1.0,193.0,,,0.0
2020-01-14,54.0,10381.0,10381.0,1.0,192.0,,,0.0
2020-01-15,54.0,10674.0,9277.276916762405,1.1505531305974022,192.0,,,0.0
2020-01-16,54.0,10975.0,9239.569537328436,1.187825899860412,192.0,,,0.0
2020-01-17,54.0,11586.0,10355.339458820195,1.118843090182967,192.0,,,0.0
2020-01-18,54.0,12175.0,11148.394338968288,1.092085517413328,188.0,,,0.0
2020-01-19,54.0,11058.0,10773.82690150408,1.0263762450514449,192.0,,,0.0
2020-01-20,55.0,12384.0,8630.744434181464,1.4348704326076471,190.0,0.0,0.0,0.0
2020-01-21,55.0,10670.0,8880.393079250025,1.201523390325095,190.0,0.0,1.0,0.0
2020-01-22,55.0,9035.0,8993.443972156183,1.0046207023663545,190.0,,,0.0
2020-01-23,55.0,7241.0,9017.820634297232,0.8029656270230638,190.0,,,0.0
2020-01-24,55.0,3659.0,10192.201765626432,0.3589999574321722,155.0,,,0.0
2020-01-25,55.0,3092.0,11039.20876981029,0.2800925378325947,150.0,,,0.0
2020-01-26,55.0,2831.0,10712.893640942835,0.2642610012649062,147.0,,,0.0
2020-01-27,56.0,3360.0,8611.494797434916,0.390176163260394,96.0,9.0,0.0,0.0
2020-01-28,56.0,2213.0,8895.58313608063,0.2487751467381644,58.0,13.0,0.0,0.0
2020-01-29,56.0,2071.0,9035.364749929877,0.2292104477592975,54.0,14.0,0.0,0.0
2020-01-30,56.0,1885.0,9078.519242305969,0.207632979529953,54.0,23.0,0.0,0.0
2020-01-31,56.0,1642.0,10263.707461267137,0.1599811769963757,55.0,24.0,0.0,0.0
2020-02-01,56.0,1489.0,11113.757828159372,0.1339780858124568,54.0,60.0,0.0,0.0
2020-02-02,56.0,1372.0,10783.146897846584,0.1272355846579435,51.0,26.0,0.0,0.0
2020-02-03,57.0,1337.0,8670.741913621016,0.1541967242618171,52.0,30.0,0.0,0.0
2020-02-04,57.0,1143.0,8937.927971546436,0.1278819882682763,49.0,43.0,0.0,0.0
2020-02-05,57.0,1048.0,9055.886736304912,0.1157258290122582,49.0,20.0,0.0,0.0
2020-02-06,57.0,537.0,9073.406282290724,0.0591839473834765,49.0,25.0,0.0,0.0
2020-02-07,57.0,438.0,10230.356652445384,0.0428137566343108,51.0,20.0,0.0,0.0
2020-02-08,57.0,378.0,11050.841182302913,0.03420554089632,50.0,17.0,0.0,0.0
2020-02-09,57.0,446.0,10690.640183099162,0.0417187364237626,50.0,13.0,0.0,0.0
2020-02-10,58.0,388.0,8549.915759236517,0.0453805640810953,56.0,1.0,0.0,0.0
2020-02-11,58.0,315.0,8791.301415770944,0.0358308724843529,55.0,7.0,0.0,0.0
2020-02-12,58.0,320.0,8887.144438604388,0.0360070664104399,56.0,1.0,0.0,0.0
2020-02-13,58.0,264.0,8887.281632717772,0.0297053712158852,71.0,5.0,0.0,0.0
2020-02-14,58.0,385.0,10032.483965363808,0.0383753416730269,105.0,9.0,0.0,0.0
2020-02-15,58.0,373.0,10847.581032256903,0.0343855463158863,128.0,6.0,0.0,0.0
2020-02-16,58.0,389.0,10488.88270276242,0.0370868862798466,139.0,8.0,0.0,0.0
2020-02-17,59.0,430.0,8356.867351684135,0.0514546877321611,151.0,1.0,0.0,0.0
2020-02-18,59.0,414.0,8614.260817531356,0.0480598403936697,159.0,1.0,0.0,0.0
2020-02-19,59.0,410.0,8733.27439224884,0.0469468817290216,166.0,0.0,0.0,0.0
2020-02-20,59.0,435.0,8763.38257833289,0.0496383669332798,177.0,0.0,0.0,0.0
2020-02-21,59.0,789.0,9944.776134462814,0.0793381358546407,177.0,0.0,0.0,0.0
2020-02-22,59.0,936.0,10801.501125359851,0.0866546222730516,149.0,1.0,0.0,0.0
2020-02-23,59.0,1200.0,10488.900958172151,0.114406648016354,144.0,0.0,0.0,0.0
2020-02-24,60.0,1405.0,8406.330277235758,0.1671359503688218,184.0,0.0,0.0,0.0
2020-02-25,60.0,1633.0,8715.26417393002,0.1873724040270397,184.0,0.0,0.0,0.0
2020-02-26,60.0,1553.0,8886.570204006335,0.1747580860048639,183.0,0.0,0.0,0.0
2020-02-27,60.0,1650.0,8968.323028494186,0.1839808841360435,185.0,0.0,0.0,0.0
2020-02-28,60.0,1750.0,10199.296197187386,0.1715804665504851,185.0,0.0,0.0,0.0
2020-02-29,60.0,1854.0,11102.140733413871,0.16699482059528,140.0,0.0,0.0,0.0
2020-03-01,60.0,1990.0,10830.86641941135,0.183734146737649,141.0,0.0,0.0,0.0
2020-03-02,61.0,2156.0,8783.593574962899,0.2454576229648816,186.0,1.0,0.0,0.0
2020-03-03,61.0,2284.0,9120.697740503549,0.2504194377429178,186.0,0.0,0.0,0.0
2020-03-04,61.0,1978.0,9312.113773621872,0.2124114941124342,186.0,0.0,0.0,0.0
2020-03-05,61.0,2386.0,9405.178281629504,0.253690034208114,186.0,0.0,0.0,0.0
2020-03-06,61.0,2927.0,10638.144129729106,0.2751419762983164,186.0,0.0,0.0,0.0
2020-03-07,61.0,2952.0,11533.376040239524,0.2559528094549749,141.0,1.0,0.0,0.0
2020-03-08,61.0,3292.0,11244.842692909198,0.2927564297609852,141.0,0.0,0.0,0.0
2020-03-09,62.0,2578.0,9170.87279724088,0.2811073773453285,187.0,0.0,0.0,0.0
2020-03-10,62.0,2979.0,9472.297403195276,0.3144960375711069,187.0,0.0,0.0,0.0
2020-03-11,62.0,2909.0,9619.744995444278,0.3023988683044764,187.0,0.0,0.0,0.0
2020-03-12,62.0,3355.0,9661.468510188217,0.3472556989097551,188.0,1.0,0.0,0.0
2020-03-13,62.0,3653.0,10836.838405300889,0.3370909358778589,188.0,0.0,0.0,0.0
2020-03-14,62.0,4097.0,11669.51135437414,0.3510858231835304,148.0,0.0,0.0,0.0
2020-03-15,62.0,4103.0,11314.890678980062,0.3626194999499411,148.0,0.0,0.0,0.0
2020-03-16,63.0,4205.0,9172.84682422264,0.4584182076273094,188.0,0.0,0.0,0.0
2020-03-17,63.0,4196.0,9405.8210853478,0.4461067207132448,188.0,0.0,0.0,0.0
2020-03-18,63.0,3995.0,9486.080153527022,0.4211433948841996,188.0,2.0,0.0,0.0
2020-03-19,63.0,3773.0,9463.50169642532,0.398689631072311,188.0,2.0,0.0,0.0
2020-03-20,63.0,5097.0,10579.02620516924,0.4818023796471406,188.0,0.0,0.0,0.0
2020-03-21,63.0,5678.0,11357.78577360999,0.4999213854863269,155.0,4.0,0.0,0.0
2020-03-22,63.0,6174.0,10956.526983689217,0.5634997302695574,153.0,3.0,0.0,0.0
2020-03-23,64.0,4984.0,8776.297197652868,0.5678932570028418,190.0,0.0,0.0,0.0
2020-03-24,64.0,5672.0,8980.518368677827,0.6315893768206913,190.0,1.0,0.0,0.0
2020-03-25,64.0,5643.0,9042.216726501802,0.6240726329264981,188.0,1.0,0.0,0.0
2020-03-26,64.0,5721.0,9011.789204906445,0.6348350887840581,189.0,2.0,0.0,0.0
2020-03-27,64.0,6171.0,10130.442339569852,0.6091540520294819,187.0,1.0,0.0,0.0
2020-03-28,64.0,6248.0,10923.314631455554,0.5719875523870579,159.0,2.0,0.0,0.0
2020-03-29,64.0,6696.0,10546.899702813114,0.6348785129922127,158.0,1.0,0.0,0.0
2020-03-30,65.0,5426.0,8401.739519882254,0.6458186411468327,186.0,2.0,0.0,0.0
2020-03-31,65.0,6087.0,8650.511588864607,0.7036578053759857,186.0,1.0,0.0,0.0
2020-04-01,65.0,5943.0,8765.278104386774,0.6780161369923557,186.0,1.0,1.0,0.0
2020-04-02,65.0,6557.0,8795.277378441304,0.7455137249079039,186.0,0.0,2.0,0.0
2020-04-03,65.0,6200.0,9980.392593387876,0.6212180474851832,186.0,0.0,0.0,0.0
2020-04-04,65.0,7058.0,10844.308062246446,0.6508483491511864,149.0,0.0,3.0,0.0
2020-04-05,65.0,5564.0,10541.969407122297,0.5277951192156645,150.0,0.0,1.0,0.0
2020-04-06,66.0,4257.0,8472.315934697284,0.5024600159876005,159.0,1.0,2.0,0.0
2020-04-07,66.0,6214.0,8796.408068931196,0.7064247078245234,187.0,0.0,1.0,0.0
2020-04-08,66.0,6578.0,8984.716750655298,0.7321321509128527,187.0,0.0,1.0,0.0
2020-04-09,66.0,7094.0,9084.954069568455,0.780851498607188,187.0,0.0,1.0,0.0
2020-04-10,66.0,7441.0,10335.57914471652,0.7199403048259556,187.0,0.0,0.0,0.0
2020-04-11,66.0,6510.0,11258.988472570529,0.5782046953738206,166.0,0.0,0.0,0.0
2020-04-12,66.0,8139.0,11009.00627850549,0.7393037840200866,163.0,0.0,2.0,0.0
2020-04-13,67.0,6701.0,8983.642387746368,0.7459112585714812,187.0,0.0,1.0,0.0
2020-04-14,67.0,6559.0,9343.239845571929,0.7020048835745695,186.0,0.0,1.0,0.0
2020-04-15,67.0,6594.0,9557.778714644372,0.6899092557873006,186.0,0.0,0.0,0.0
2020-04-16,67.0,6629.0,9674.714993852556,0.6851881429284641,187.0,2.0,2.0,0.0
2020-04-17,67.0,7343.0,10932.48852185618,0.6716677529841362,187.0,1.0,1.0,0.0
2020-04-18,67.0,7406.0,11853.709102587649,0.6247833429945805,170.0,1.0,0.0,0.0
2020-04-19,67.0,7773.0,11592.63657591498,0.6705118330155619,164.0,1.0,2.0,0.0
2020-04-20,68.0,5904.0,9547.92269941894,0.6183543987384085,187.0,0.0,2.0,0.0
2020-04-21,68.0,6197.0,9880.737572653434,0.6271798997223867,186.0,0.0,0.0,0.0
2020-04-22,68.0,7933.0,10062.047669783902,0.7884081113849835,186.0,0.0,0.0,0.0
2020-04-23,68.0,7125.0,10140.425180651151,0.7026332597567156,186.0,0.0,0.0,0.0
2020-04-24,68.0,8132.0,11355.523374976376,0.71612727405591,186.0,0.0,0.0,0.0
2020-04-25,68.0,7359.0,12231.228149834087,0.6016566701112368,169.0,0.0,0.0,0.0
2020-04-26,68.0,7177.0,11923.102451725636,0.6019406466612446,183.0,0.0,0.0,0.0
2020-04-27,69.0,6673.0,9831.092425450212,0.6787648524924138,186.0,0.0,0.0,0.0
2020-04-28,69.0,7062.0,10117.61899786578,0.6979903079459372,186.0,0.0,1.0,0.0
2020-04-29,69.0,7081.0,10254.822903047398,0.6905043672568698,186.0,1.0,0.0,0.0
2020-04-30,69.0,7818.0,10292.343727169136,0.7595937531081958,186.0,0.0,0.0,0.0
2020-05-01,69.0,7317.0,11470.768480660823,0.6378822842023286,151.0,0.0,2.0,0.0
2020-05-02,69.0,7183.0,12314.760543569331,0.5832837735323164,161.0,0.0,0.0,0.0
2020-05-03,69.0,7467.0,11980.486236510944,0.623263518073587,170.0,0.0,0.0,0.0
2020-05-04,70.0,7057.0,9868.308291622892,0.7151175045869429,174.0,0.0,0.0,0.0
2020-05-05,70.0,6934.0,10140.870204380097,0.6837677497346363,176.0,0.0,0.0,0.0
2020-05-06,70.0,6583.0,10270.339590602138,0.6409719894777156,188.0,0.0,0.0,0.0
2020-05-07,70.0,7937.0,10306.191088040858,0.7701196234572023,188.0,0.0,0.0,0.0
2020-05-08,70.0,7506.0,11488.664117483251,0.6533396679756264,189.0,0.0,0.0,0.0
2020-05-09,70.0,8344.0,12341.906010126586,0.6760706160907167,187.0,0.0,0.0,0.0
2020-05-10,70.0,7931.0,12021.417279135474,0.6597391818155373,168.0,0.0,0.0,0.0
2020-05-11,71.0,7425.0,9926.767715035729,0.7479776109552368,189.0,0.0,0.0,0.0
2020-05-12,71.0,7523.0,10219.70658880915,0.7361268089866577,189.0,0.0,0.0,0.0
2020-05-13,71.0,7478.0,10371.434308825665,0.7210188848842758,190.0,0.0,0.0,0.0
2020-05-14,71.0,7430.0,10430.415234429678,0.7123398093945837,191.0,0.0,0.0,0.0
2020-05-15,71.0,8172.0,11635.866090477975,0.7023112793200177,190.0,0.0,0.0,0.0
2020-05-16,71.0,9473.0,12510.929610055477,0.7571779472235393,174.0,0.0,0.0,0.0
2020-05-17,71.0,9090.0,12210.149319742786,0.7444626402154012,170.0,0.0,0.0,0.0
2020-05-18,72.0,6652.0,10132.213323764208,0.6565199317703195,190.0,0.0,0.0,0.0
2020-05-19,72.0,8500.0,10438.089610749072,0.8143252565341803,189.0,0.0,0.0,0.0
2020-05-20,72.0,9008.0,10598.319553048446,0.849946065025845,189.0,0.0,0.0,0.0
2020-05-21,72.0,7677.0,10660.848727054885,0.7201115217513091,190.0,0.0,0.0,0.0
2020-05-22,72.0,7978.0,11864.529041784774,0.672424499270295,190.0,0.0,0.0,0.0
2020-05-23,72.0,9406.0,12732.30147426083,0.7387509649386512,173.0,0.0,0.0,0.0
2020-05-24,72.0,10029.0,12418.675133760931,0.8075740682462614,169.0,0.0,0.0,0.0
2020-05-25,73.0,6718.0,10322.470458755684,0.6508131969805431,189.0,0.0,0.0,0.0
2020-05-26,73.0,7641.0,10604.949157605482,0.7205126480517027,189.0,0.0,0.0,0.0
2020-05-27,73.0,8690.0,10737.097785142323,0.8093434719412692,190.0,0.0,0.0,0.0
2020-05-28,73.0,8217.0,10767.444433309396,0.7631337269390011,190.0,0.0,0.0,0.0
2020-05-29,73.0,10036.0,11935.54298776652,0.8408498893000947,190.0,0.0,0.0,0.0
2020-05-30,73.0,8540.0,12765.134814354918,0.6690097773504452,176.0,0.0,0.0,0.0
2020-05-31,73.0,9965.0,12411.604245443115,0.8028776782548978,172.0,0.0,0.0,0.0
2020-06-01,74.0,8976.0,10274.696381331163,0.8736024566437935,190.0,0.0,0.0,0.0
2020-06-02,74.0,8073.0,10516.620570419838,0.7676420334786039,191.0,0.0,0.0,0.0
2020-06-03,74.0,8957.0,10609.307232769086,0.8442587063870122,190.0,0.0,0.0,0.0
2020-06-04,74.0,8699.0,10602.19827438272,0.8204902205063197,189.0,0.0,0.0,0.0
2020-06-05,74.0,10306.0,11735.706288112307,0.8781746702743806,189.0,0.0,0.0,0.0
2020-06-06,74.0,9281.0,12534.353102671626,0.7404450731503492,173.0,0.0,0.0,0.0
2020-06-07,74.0,7755.0,12154.204681483072,0.6380507983228834,167.0,0.0,0.0,0.0
2020-06-08,75.0,6473.0,9995.571434906842,0.6475867880244235,187.0,0.0,0.0,0.0
2020-06-09,75.0,8306.0,10221.097760075208,0.8126328692837865,188.0,0.0,0.0,0.0
2020-06-10,75.0,8823.0,10303.008813857468,0.856351786104767,188.0,0.0,0.0,0.0
2020-06-11,75.0,8429.0,10290.894989257982,0.8190735605405072,188.0,0.0,0.0,0.0
2020-06-12,75.0,11130.0,11425.16939167148,0.9741649877080468,188.0,0.0,0.0,0.0
2020-06-13,75.0,9544.0,12230.20885311572,0.7803627979393506,174.0,0.0,0.0,0.0
2020-06-14,75.0,8315.0,11861.795341873523,0.7009900070225523,169.0,0.0,0.0,0.0
2020-06-15,76.0,7900.0,9719.826571590787,0.8127717034674471,189.0,0.0,0.0,0.0
2020-06-16,76.0,7535.0,9966.419259077746,0.7560388344225908,190.0,0.0,0.0,0.0
2020-06-17,76.0,8289.0,10073.172577682442,0.8228787838267205,189.0,0.0,0.0,0.0
2020-06-18,76.0,8403.0,10088.97173994328,0.8328896359905199,189.0,0.0,0.0,0.0
2020-06-19,76.0,11291.0,11253.46640750368,1.0033352916458962,189.0,0.0,0.0,0.0
2020-06-20,76.0,11645.0,12090.23382553048,0.9631740930774808,176.0,0.0,0.0,0.0
2020-06-21,76.0,10601.0,11754.242874839356,0.901887098376371,169.0,0.0,0.0,0.0
2020-06-22,77.0,8725.0,9644.587178374122,0.904652510121315,189.0,0.0,0.0,0.0
2020-06-23,77.0,9413.0,9922.610060654648,0.948641531054882,189.0,0.0,0.0,0.0
2020-06-24,77.0,11254.0,10059.188291985323,1.118778143258999,191.0,0.0,0.0,0.0
2020-06-25,77.0,9987.0,10102.553989519747,0.9885619032930067,159.0,0.0,0.0,0.0
2020-06-26,77.0,9562.0,11291.788880770371,0.8468100228373772,171.0,0.0,0.0,0.0
2020-06-27,77.0,8977.0,12150.000417178642,0.7388477112566679,171.0,0.0,0.0,0.0
2020-06-28,77.0,8392.0,11831.795615055707,0.7092752675106523,192.0,0.0,0.0,0.0
2020-06-29,78.0,7622.0,9736.020546088448,0.7828660553784699,192.0,0.0,0.0,0.0
2020-06-30,78.0,7940.0,10023.888167986895,0.7921077995819855,192.0,0.0,0.0,0.0
2020-07-01,78.0,7732.0,10166.261426714544,0.760554905629529,192.0,0.0,0.0,0.0
2020-07-02,78.0,7934.0,10211.47110799914,0.776969343210981,193.0,0.0,0.0,0.0
2020-07-03,78.0,10641.0,11398.802850199709,0.9335190844022332,192.0,0.0,0.0,0.0
2020-07-04,78.0,11013.0,12251.66310562968,0.8988983703722224,180.0,0.0,0.0,0.0
2020-07-05,78.0,10581.0,11925.040309305235,0.8872925982265681,173.0,0.0,0.0,0.0
2020-07-06,79.0,8209.0,9818.229628164005,0.8360977804442603,193.0,0.0,0.0,-1.0
2020-07-07,79.0,8356.0,10092.94448628336,0.8279050787761763,193.0,0.0,0.0,-1.0
2020-07-08,79.0,8799.0,10220.582340402883,0.8609098490618053,193.0,0.0,0.0,-1.0
2020-07-09,79.0,8863.0,10250.024746375962,0.8646808392471087,194.0,0.0,0.0,-1.0
2020-07-10,79.0,11616.0,11421.106694474718,1.0170643100304428,194.0,0.0,0.0,-1.0
2020-07-11,79.0,11207.0,12257.765551278728,0.914277561690751,182.0,0.0,0.0,-1.0
2020-07-12,79.0,11126.0,11915.486385970597,0.9337428317739388,176.0,0.0,0.0,-1.0
2020-07-13,80.0,8876.0,9794.012525294604,0.906267985371298,194.0,0.0,0.0,-1.0
2020-07-14,80.0,8595.0,10055.444942394564,0.8547607837583386,193.0,0.0,0.0,-1.0
2020-07-15,80.0,8849.0,10171.498290025873,0.8699799919031881,194.0,0.0,0.0,-1.0
2020-07-16,80.0,9169.0,10191.2938719769,0.8996894913620427,195.0,0.0,0.0,-1.0
2020-07-17,80.0,11286.0,11354.824694151648,0.9939387268403098,195.0,0.0,0.0,-1.0
2020-07-18,80.0,10697.0,12186.103003069187,0.87780318263401,181.0,0.0,0.0,-1.0
2020-07-19,80.0,10657.0,11840.60706495425,0.9000383123549904,175.0,0.0,0.0,-1.0
2020-07-20,81.0,8685.0,9717.995913098208,0.8937027837492806,194.0,0.0,0.0,-1.0
2020-07-21,81.0,9242.0,9980.21546431747,0.926032111535384,194.0,0.0,0.0,-1.0
2020-07-22,81.0,9521.0,10098.763531301458,0.9427886860098604,194.0,0.0,0.0,-1.0
2020-07-23,81.0,7941.0,10122.493671360451,0.78449048799778,195.0,0.0,0.0,-1.0
2020-07-24,81.0,10897.0,11291.092602415078,0.965097035664132,194.0,0.0,0.0,-1.0
2020-07-25,81.0,11660.0,12128.241140134807,0.9613924942022052,184.0,0.0,0.0,-1.0
2020-07-26,81.0,11308.0,11789.074927463846,0.9591931571880052,178.0,0.0,0.0,-1.0
2020-07-27,82.0,8766.0,9672.91319003535,0.906241979823657,196.0,0.0,0.0,-1.0
2020-07-28,82.0,9511.0,9941.378428347238,0.9567083748547344,194.0,0.0,0.0,-1.0
2020-07-29,82.0,8904.0,10065.674103566049,0.8845905309854515,194.0,0.0,0.0,-1.0
2020-07-30,82.0,10713.0,10094.399822738069,1.0612815212518636,195.0,0.0,0.0,-1.0
2020-07-31,82.0,10397.0,11267.038368930653,0.9227802071456664,195.0,0.0,0.0,-1.0
2020-08-01,82.0,10416.0,12107.124206281957,0.8603199093799259,182.0,0.0,0.0,-1.0
2020-08-02,82.0,11154.0,11769.709479251957,0.9476869433066848,176.0,0.0,0.0,-1.0
2020-08-03,83.0,8212.0,9654.095567205091,0.8506234419199369,197.0,0.0,0.0,-1.0
2020-08-04,83.0,9407.0,9921.953018090471,0.9480996314786444,195.0,1.0,0.0,-1.0
2020-08-05,83.0,8564.0,10044.59691813469,0.852597677119169,196.0,0.0,1.0,-1.0
2020-08-06,83.0,11522.0,10070.797291157322,1.1441000813428055,197.0,0.0,0.0,-1.0
2020-08-07,83.0,11386.0,11240.259044569872,1.0129659783508758,197.0,0.0,0.0,-1.0
2020-08-08,83.0,12273.0,12076.781342233098,1.0162475954649204,185.0,0.0,0.0,-1.0
2020-08-09,83.0,11624.0,11735.712743569398,0.9904809579093856,179.0,0.0,0.0,-1.0
2020-08-10,84.0,10160.0,9616.670549666078,1.056498706857831,197.0,0.0,0.0,-1.0
2020-08-11,84.0,10212.0,9881.647606755734,1.033430902051032,196.0,2.0,1.0,-1.0
2020-08-12,84.0,9108.0,10002.274083648264,0.9105929235522324,196.0,0.0,0.0,-1.0
2020-08-13,84.0,10518.0,10027.614294355377,1.048903526925708,197.0,0.0,0.0,-1.0
2020-08-14,84.0,11671.0,11197.633562954808,1.0422737924387195,197.0,0.0,0.0,-1.0
2020-08-15,84.0,11631.0,12036.3454775241,0.9663232101237856,186.0,0.0,2.0,-1.0
2020-08-16,84.0,11285.0,11699.256310421426,0.964591227046422,179.0,0.0,0.0,-1.0
2020-08-17,85.0,9298.0,9586.075440655217,0.9699485527274834,198.0,0.0,0.0,-1.0
2020-08-18,85.0,9766.0,9858.815367197176,0.99058554565227,196.0,0.0,3.0,-1.0
2020-08-19,85.0,9278.0,9989.04910111155,0.9288171382566908,197.0,0.0,3.0,-1.0
2020-08-20,85.0,10507.0,10025.705202043038,1.0480060791991852,198.0,0.0,1.0,-1.0
2020-08-21,85.0,11649.0,11208.53556711576,1.0392972329209982,200.0,0.0,0.0,-1.0
2020-08-22,85.0,12249.0,12061.266342185678,1.0155650039132045,185.0,0.0,1.0,-1.0
2020-08-23,85.0,12595.0,11739.048666889312,1.0729148807028075,180.0,0.0,0.0,-1.0
2020-08-24,86.0,9723.0,9641.17793566303,1.0084867289954589,198.0,0.0,0.0,-1.0
2020-08-25,86.0,12225.0,12225.0,1.0,198.0,0.0,6.0,-1.0
2020-08-26,86.0,10158.0,10158.0,1.0,198.0,0.0,6.0,-1.0
2020-08-27,86.0,10261.0,10261.0,1.0,198.0,0.0,3.0,-1.0
2020-08-28,86.0,10799.0,10799.0,1.0,199.0,0.0,6.0,-1.0
2020-08-29,86.0,12551.0,12551.0,1.0,188.0,0.0,4.0,-1.0
2020-08-30,86.0,12214.0,12214.0,1.0,183.0,0.0,0.0,-1.0
2020-08-31,87.0,9765.0,9765.0,1.0,201.0,0.0,13.0,-1.0
2020-09-01,87.0,9663.0,9663.0,1.0,201.0,0.0,4.0,-1.0
2020-09-02,87.0,10051.0,10051.0,1.0,201.0,0.0,5.0,-1.0
2020-09-03,87.0,10003.0,10003.0,1.0,202.0,0.0,2.0,-1.0
2020-09-04,87.0,11236.0,11236.0,1.0,202.0,5.0,2.0,-1.0
2020-09-05,87.0,11847.0,11847.0,1.0,188.0,0.0,1.0,-1.0
2020-09-06,87.0,11696.0,11696.0,1.0,185.0,0.0,3.0,-1.0
2020-09-07,88.0,9091.0,9091.0,1.0,202.0,0.0,5.0,-1.0
2020-09-08,88.0,9364.0,9364.0,1.0,203.0,0.0,3.0,-1.0
2020-09-09,88.0,9070.0,9070.0,1.0,203.0,0.0,0.0,-1.0
2020-09-10,88.0,8764.0,8764.0,1.0,203.0,0.0,5.0,-1.0
2020-09-11,88.0,10108.0,10108.0,1.0,203.0,0.0,2.0,-1.0
2020-09-12,88.0,11004.0,11004.0,1.0,189.0,0.0,0.0,-1.0
2020-09-13,88.0,11465.0,11465.0,1.0,186.0,0.0,7.0,-1.0
2020-09-14,89.0,8867.0,8867.0,1.0,202.0,0.0,2.0,-1.0
2020-09-15,89.0,7776.0,7776.0,1.0,202.0,0.0,1.0,-1.0
2020-09-16,89.0,9504.0,9504.0,1.0,203.0,0.0,0.0,-1.0
2020-09-17,89.0,8947.0,8947.0,1.0,203.0,0.0,2.0,-1.0
2020-09-18,89.0,9765.0,9765.0,1.0,203.0,0.0,0.0,-1.0
2020-09-19,89.0,11189.0,11189.0,1.0,191.0,0.0,1.0,-1.0
2020-09-20,89.0,11590.0,11590.0,1.0,187.0,0.0,6.0,-1.0
2020-09-21,90.0,8696.0,8696.0,1.0,202.0,0.0,0.0,-1.0
2020-09-22,90.0,9213.0,9213.0,1.0,202.0,0.0,0.0,-1.0
2020-09-23,90.0,9644.0,9644.0,1.0,202.0,0.0,0.0,-1.0
2020-09-24,90.0,8907.0,8907.0,1.0,203.0,0.0,1.0,-1.0
2020-09-25,90.0,9704.0,9704.0,1.0,202.0,0.0,0.0,-1.0
2020-09-26,90.0,12074.0,12074.0,1.0,190.0,0.0,0.0,-1.0
2020-09-27,90.0,9806.0,9806.0,1.0,205.0,0.0,0.0,-1.0
2020-09-28,91.0,10166.0,10166.0,1.0,205.0,0.0,0.0,-1.0
2020-09-29,91.0,10565.0,10565.0,1.0,205.0,0.0,0.0,-1.0
2020-09-30,91.0,10090.0,10090.0,1.0,206.0,0.0,1.0,-1.0
2020-10-01,91.0,9379.0,9535.187736183403,0.9836198572587392,167.0,0.0,0.0,-1.0
2020-10-02,91.0,8460.0,10717.699099812948,0.7893485272550383,167.0,0.0,0.0,-1.0
2020-10-03,91.0,8034.0,11574.523592186664,0.6941106418775905,167.0,0.0,0.0,-1.0
2020-10-04,91.0,7627.0,11260.669525094472,0.6773131902151274,168.0,0.0,0.0,-1.0
2020-10-05,92.0,7543.0,9175.257255464272,0.8221022898848759,178.0,0.0,0.0,-1.0
2020-10-06,92.0,8006.0,9479.641190789298,0.8445467332433287,182.0,0.0,0.0,-1.0
2020-10-07,92.0,8661.0,9644.690926256815,0.8980070036688471,183.0,0.0,0.0,-1.0
2020-10-08,92.0,9030.0,9030.0,1.0,181.0,0.0,0.0,-1.0
2020-10-09,92.0,9403.0,9403.0,1.0,207.0,0.0,2.0,-1.0
2020-10-10,92.0,10470.0,10470.0,1.0,208.0,0.0,0.0,-1.0
2020-10-11,92.0,10977.0,10977.0,1.0,191.0,0.0,0.0,-1.0
2020-10-12,93.0,8738.0,8738.0,1.0,208.0,0.0,0.0,-1.0
2020-10-13,93.0,7661.0,7661.0,1.0,207.0,0.0,0.0,-1.0
2020-10-14,93.0,9455.0,9455.0,1.0,207.0,0.0,0.0,-1.0
2020-10-15,93.0,9876.0,9876.0,1.0,207.0,0.0,0.0,-1.0
2020-10-16,93.0,12695.0,12695.0,1.0,207.0,0.0,0.0,-1.0
2020-10-17,93.0,13196.0,13196.0,1.0,195.0,0.0,0.0,-1.0
2020-10-18,93.0,12746.0,12746.0,1.0,190.0,0.0,0.0,-1.0
2020-10-19,94.0,9470.0,9470.0,1.0,208.0,0.0,0.0,-1.0
2020-10-20,94.0,10378.0,10378.0,1.0,208.0,0.0,0.0,-1.0
2020-10-21,94.0,10434.0,10434.0,1.0,207.0,0.0,1.0,-1.0
2020-10-22,94.0,10270.0,10270.0,1.0,207.0,0.0,1.0,-1.0
2020-10-23,94.0,12809.0,12809.0,1.0,207.0,0.0,0.0,-1.0
2020-10-24,94.0,12827.0,12827.0,1.0,195.0,0.0,0.0,-1.0
2020-10-25,94.0,12461.0,12461.0,1.0,189.0,0.0,0.0,-1.0
2020-10-26,95.0,9583.0,9583.0,1.0,206.0,0.0,0.0,-1.0
2020-10-27,95.0,9794.0,9794.0,1.0,206.0,0.0,0.0,-1.0
2020-10-28,95.0,9714.0,9714.0,1.0,207.0,0.0,0.0,-1.0
2020-10-29,95.0,10234.0,10234.0,1.0,207.0,0.0,0.0,-1.0
2020-10-30,95.0,12847.0,12847.0,1.0,208.0,0.0,1.0,-1.0
2020-10-31,95.0,13194.0,13194.0,1.0,197.0,0.0,0.0,-1.0
2020-11-01,95.0,12262.0,12262.0,1.0,191.0,0.0,0.0,-1.0
2020-11-02,96.0,8975.0,8975.0,1.0,208.0,0.0,0.0,-1.0
2020-11-03,96.0,10704.0,10704.0,1.0,209.0,0.0,2.0,-1.0
2020-11-04,96.0,9690.0,9690.0,1.0,209.0,0.0,0.0,-1.0
2020-11-05,96.0,9661.0,9661.0,1.0,209.0,0.0,0.0,-1.0
2020-11-06,96.0,12291.0,12291.0,1.0,208.0,0.0,0.0,-1.0
2020-11-07,96.0,12462.0,12462.0,1.0,197.0,0.0,1.0,-1.0
2020-11-08,96.0,11628.0,11628.0,1.0,191.0,0.0,0.0,-1.0
2020-11-09,97.0,9748.0,9748.0,1.0,206.0,0.0,1.0,-1.0
2020-11-10,97.0,10392.0,10392.0,1.0,207.0,0.0,0.0,-1.0
2020-11-11,97.0,10251.0,10251.0,1.0,208.0,0.0,0.0,-1.0
2020-11-12,97.0,10054.0,10054.0,1.0,208.0,0.0,0.0,-1.0
2020-11-13,97.0,12970.0,12970.0,1.0,209.0,0.0,0.0,-1.0
2020-11-14,97.0,12843.0,12843.0,1.0,198.0,0.0,0.0,-1.0
2020-11-15,97.0,12504.0,12504.0,1.0,191.0,0.0,0.0,-1.0
2020-11-16,98.0,9991.0,9991.0,1.0,208.0,0.0,2.0,-1.0
2020-11-17,98.0,10539.0,10539.0,1.0,208.0,0.0,0.0,-1.0
2020-11-18,98.0,10935.0,10935.0,1.0,207.0,0.0,0.0,-1.0
2020-11-19,98.0,10308.0,10308.0,1.0,208.0,0.0,0.0,-1.0
2020-11-20,98.0,13633.0,13633.0,1.0,208.0,0.0,1.0,-1.0
2020-11-21,98.0,13385.0,13385.0,1.0,197.0,0.0,0.0,-1.0
2020-11-22,98.0,12920.0,12920.0,1.0,191.0,0.0,0.0,-1.0
2020-11-23,99.0,9947.0,9947.0,1.0,208.0,0.0,2.0,-1.0
2020-11-24,99.0,11349.0,11349.0,1.0,208.0,0.0,0.0,-1.0
2020-11-25,99.0,10979.0,10979.0,1.0,208.0,0.0,0.0,-1.0
2020-11-26,99.0,10898.0,10898.0,1.0,208.0,0.0,1.0,-1.0
2020-11-27,99.0,12583.0,12583.0,1.0,209.0,0.0,1.0,-1.0
2020-11-28,99.0,13671.0,13671.0,1.0,198.0,0.0,0.0,-1.0
2020-11-29,99.0,13414.0,13414.0,1.0,192.0,0.0,0.0,-1.0
2020-11-30,100.0,10163.0,10163.0,1.0,211.0,0.0,0.0,-1.0
2020-12-01,100.0,10982.0,10982.0,1.0,210.0,0.0,1.0,-1.0
2020-12-02,100.0,10977.0,10977.0,1.0,210.0,1.0,0.0,-1.0
2020-12-03,100.0,11296.0,11296.0,1.0,210.0,0.0,2.0,-1.0
2020-12-04,100.0,12558.0,12558.0,1.0,210.0,1.0,0.0,-1.0
2020-12-05,100.0,13791.0,13791.0,1.0,201.0,0.0,0.0,-1.0
2020-12-06,100.0,13178.0,13178.0,1.0,193.0,0.0,1.0,-1.0
2020-12-07,101.0,10314.0,10314.0,1.0,210.0,1.0,0.0,-1.0
2020-12-08,101.0,10846.0,10846.0,1.0,211.0,1.0,0.0,-1.0
2020-12-09,101.0,10980.0,10980.0,1.0,210.0,0.0,0.0,-1.0
2020-12-10,101.0,10712.0,10712.0,1.0,210.0,0.0,0.0,-1.0
2020-12-11,101.0,11926.0,11926.0,1.0,210.0,0.0,0.0,-1.0
2020-12-12,101.0,13296.0,13296.0,1.0,202.0,1.0,2.0,-1.0
2020-12-13,101.0,13219.0,13219.0,1.0,194.0,0.0,0.0,-1.0
2020-12-14,102.0,9834.0,9834.0,1.0,211.0,0.0,2.0,-1.0
2020-12-15,102.0,10654.0,10654.0,1.0,211.0,0.0,0.0,-1.0
2020-12-16,102.0,11361.0,11361.0,1.0,211.0,0.0,0.0,-1.0
2020-12-17,102.0,12835.0,12835.0,1.0,211.0,0.0,0.0,-1.0
2020-12-18,102.0,13484.0,13484.0,1.0,211.0,2.0,2.0,-1.0
2020-12-19,102.0,14390.0,14390.0,1.0,204.0,0.0,0.0,-1.0
2020-12-20,102.0,13640.0,13640.0,1.0,197.0,0.0,0.0,-1.0
2020-12-21,103.0,10724.0,10724.0,1.0,213.0,0.0,3.0,-1.0
2020-12-22,103.0,10884.0,10884.0,1.0,213.0,1.0,4.0,-1.0
2020-12-23,103.0,11408.0,11408.0,1.0,213.0,0.0,0.0,-1.0
2020-12-24,103.0,12555.0,12555.0,1.0,213.0,0.0,0.0,-1.0
2020-12-25,103.0,14711.0,14711.0,1.0,212.0,0.0,2.0,-1.0
2020-12-26,103.0,13519.0,13519.0,1.0,204.0,0.0,0.0,-1.0
2020-12-27,103.0,13005.0,13005.0,1.0,196.0,0.0,3.0,-1.0
2020-12-28,104.0,10683.0,10683.0,1.0,215.0,0.0,4.0,-1.0
2020-12-29,104.0,10735.0,10735.0,1.0,215.0,0.0,1.0,-1.0
2020-12-30,104.0,11869.0,11869.0,1.0,215.0,0.0,0.0,-1.0
2020-12-31,104.0,14413.0,14413.0,1.0,214.0,2.0,0.0,-1.0
2021-01-01,104.0,11857.0,11857.0,1.0,185.0,1.0,1.0,-1.0
2021-01-02,104.0,12020.0,12020.0,1.0,194.0,1.0,5.0,-1.0
2021-01-03,104.0,11477.0,11477.0,1.0,193.0,0.0,1.0,-1.0
2021-01-04,105.0,9484.0,9484.0,1.0,213.0,0.0,2.0,-1.0
2021-01-05,105.0,10606.0,10606.0,1.0,213.0,0.0,1.0,-1.0
2021-01-06,105.0,10416.0,10416.0,1.0,213.0,1.0,3.0,-1.0
2021-01-07,105.0,10240.0,10240.0,1.0,213.0,0.0,0.0,-1.0
2021-01-08,105.0,11470.0,11470.0,1.0,213.0,0.0,0.0,-1.0
2021-01-09,105.0,12901.0,12901.0,1.0,206.0,0.0,1.0,-1.0
2021-01-10,105.0,12064.0,12064.0,1.0,196.0,0.0,1.0,-1.0
2021-01-11,106.0,10014.0,10014.0,1.0,214.0,0.0,2.0,-1.0
2021-01-12,106.0,10594.0,10594.0,1.0,214.0,0.0,1.0,-1.0
2021-01-13,106.0,10670.0,10670.0,1.0,214.0,1.0,1.0,-1.0
2021-01-14,106.0,10236.0,10236.0,1.0,214.0,0.0,0.0,-1.0
2021-01-15,106.0,11500.0,11500.0,1.0,214.0,0.0,0.0,-1.0
2021-01-16,106.0,12817.0,12817.0,1.0,207.0,0.0,0.0,-1.0
2021-01-17,106.0,12367.0,12367.0,1.0,197.0,0.0,0.0,-1.0
2021-01-18,107.0,10541.0,10541.0,1.0,215.0,0.0,1.0,-1.0
2021-01-19,107.0,10440.0,10440.0,1.0,215.0,0.0,0.0,-1.0
2021-01-20,107.0,10219.0,10219.0,1.0,215.0,0.0,0.0,-1.0
2021-01-21,107.0,10186.0,10186.0,1.0,216.0,0.0,1.0,-1.0
2021-01-22,107.0,11563.0,11563.0,1.0,215.0,0.0,0.0,-1.0
2021-01-23,107.0,12525.0,12525.0,1.0,208.0,0.0,3.0,-1.0
2021-01-24,107.0,12247.0,12247.0,1.0,197.0,2.0,1.0,-1.0
2021-01-25,108.0,10120.0,10120.0,1.0,214.0,0.0,2.0,-1.0
2021-01-26,108.0,10183.0,10183.0,1.0,214.0,0.0,0.0,-1.0
2021-01-27,108.0,10136.0,10136.0,1.0,214.0,0.0,0.0,-1.0
2021-01-28,108.0,9853.0,9853.0,1.0,214.0,0.0,0.0,-1.0
2021-01-29,108.0,10727.0,10727.0,1.0,214.0,0.0,2.0,-1.0
2021-01-30,108.0,11846.0,11846.0,1.0,208.0,0.0,1.0,-1.0
2021-01-31,108.0,11909.0,11909.0,1.0,196.0,1.0,2.0,-1.0
2021-02-01,109.0,9485.0,9485.0,1.0,215.0,0.0,1.0,-1.0
2021-02-02,109.0,10340.0,10340.0,1.0,214.0,0.0,1.0,-1.0
2021-02-03,109.0,9932.0,9932.0,1.0,214.0,0.0,1.0,-1.0
2021-02-04,109.0,10070.0,10070.0,1.0,214.0,0.0,1.0,-1.0
2021-02-05,109.0,10282.0,10282.0,1.0,214.0,0.0,2.0,-1.0
2021-02-06,109.0,11397.0,11397.0,1.0,206.0,0.0,0.0,-1.0
2021-02-07,109.0,10587.0,10587.0,1.0,214.0,0.0,4.0,-1.0
2021-02-08,110.0,11687.0,11687.0,1.0,215.0,0.0,2.0,-1.0
2021-02-09,110.0,10678.0,10678.0,1.0,215.0,0.0,2.0,-1.0
2021-02-10,110.0,7957.0,7957.0,1.0,216.0,0.0,0.0,-1.0
2021-02-11,110.0,5658.0,9594.198098004785,0.589731412902204,185.0,0.0,0.0,-1.0
2021-02-12,110.0,8725.0,10738.225108611769,0.812517889292783,178.0,1.0,2.0,-1.0
2021-02-13,110.0,8526.0,11550.75931917162,0.7381332918822738,178.0,0.0,2.0,-1.0
2021-02-14,110.0,9705.0,11188.130213749551,0.8674371690877469,186.0,0.0,5.0,-1.0
2021-02-15,111.0,8806.0,9050.87865635464,0.9729442117553184,195.0,1.0,2.0,-1.0
2021-02-16,111.0,9027.0,9301.834423986453,0.9704537393959902,191.0,0.0,1.0,-1.0
2021-02-17,111.0,9294.0,9413.351597503352,0.9873210305312504,189.0,0.0,0.0,-1.0
2021-02-18,111.0,10341.0,10341.0,1.0,216.0,0.0,0.0,-1.0
2021-02-19,111.0,10083.0,10083.0,1.0,216.0,0.0,1.0,-1.0
2021-02-20,111.0,10676.0,10676.0,1.0,216.0,1.0,0.0,-1.0
2021-02-21,111.0,11105.0,11105.0,1.0,199.0,0.0,1.0,-1.0
2021-02-22,112.0,9515.0,9515.0,1.0,215.0,0.0,0.0,-1.0
2021-02-23,112.0,10652.0,10652.0,1.0,215.0,0.0,0.0,-1.0
2021-02-24,112.0,10229.0,10229.0,1.0,215.0,0.0,1.0,-1.0
2021-02-25,112.0,9968.0,9968.0,1.0,215.0,0.0,0.0,-1.0
2021-02-26,112.0,10246.0,10246.0,1.0,215.0,0.0,0.0,-1.0
2021-02-27,112.0,12188.0,12188.0,1.0,211.0,1.0,1.0,-1.0
2021-02-28,112.0,12333.0,12333.0,1.0,199.0,0.0,0.0,-1.0
2021-03-01,113.0,9846.0,9846.0,1.0,216.0,1.0,0.0,-1.0
2021-03-02,113.0,10177.0,10177.0,1.0,216.0,1.0,1.0,-1.0
2021-03-03,113.0,10343.0,10343.0,1.0,216.0,0.0,0.0,-1.0
2021-03-04,113.0,9436.0,9436.0,1.0,216.0,0.0,0.0,-1.0
2021-03-05,113.0,12438.0,12438.0,1.0,216.0,0.0,1.0,-1.0
2021-03-06,113.0,13035.0,13035.0,1.0,210.0,1.0,0.0,-1.0
2021-03-07,113.0,13350.0,13350.0,1.0,200.0,0.0,0.0,-1.0
2021-03-08,114.0,12603.0,12603.0,1.0,216.0,2.0,2.0,-1.0
2021-03-09,114.0,11137.0,11137.0,1.0,214.0,0.0,0.0,-1.0
2021-03-10,114.0,10634.0,10634.0,1.0,214.0,0.0,0.0,-1.0
2021-03-11,114.0,11299.0,11299.0,1.0,214.0,0.0,0.0,-1.0
2021-03-12,114.0,11963.0,11963.0,1.0,213.0,0.0,0.0,-1.0
2021-03-13,114.0,13604.0,13604.0,1.0,206.0,0.0,1.0,-1.0
2021-03-14,114.0,13119.0,13119.0,1.0,197.0,1.0,2.0,-1.0
2021-03-15,115.0,10812.0,10812.0,1.0,213.0,0.0,1.0,-1.0
2021-03-16,115.0,10470.0,10470.0,1.0,214.0,0.0,1.0,-1.0
2021-03-17,115.0,10759.0,10759.0,1.0,214.0,0.0,0.0,-1.0
2021-03-18,115.0,10267.0,10267.0,1.0,214.0,0.0,0.0,-1.0
2021-03-19,115.0,12066.0,12066.0,1.0,214.0,0.0,0.0,-1.0
2021-03-20,115.0,13378.0,13378.0,1.0,207.0,0.0,0.0,-1.0
2021-03-21,115.0,11993.0,11993.0,1.0,198.0,0.0,0.0,-1.0
2021-03-22,116.0,9962.0,9962.0,1.0,213.0,0.0,0.0,-1.0
2021-03-23,116.0,9810.0,9810.0,1.0,213.0,0.0,0.0,-1.0
2021-03-24,116.0,10405.0,10405.0,1.0,213.0,0.0,0.0,-1.0
2021-03-25,116.0,10843.0,10843.0,1.0,213.0,0.0,0.0,-1.0
2021-03-26,116.0,11518.0,11518.0,1.0,215.0,1.0,3.0,-1.0
2021-03-27,116.0,13324.0,13324.0,1.0,207.0,0.0,1.0,-1.0
2021-03-28,116.0,13026.0,13026.0,1.0,199.0,0.0,1.0,-1.0
2021-03-29,117.0,9391.0,9391.0,1.0,215.0,0.0,0.0,-1.0
2021-03-30,117.0,10647.0,10647.0,1.0,215.0,0.0,0.0,-1.0
2021-03-31,117.0,10720.0,10720.0,1.0,215.0,0.0,0.0,-1.0
2021-04-01,117.0,10304.0,10304.0,1.0,215.0,0.0,0.0,-1.0
2021-04-02,117.0,11319.0,11319.0,1.0,215.0,0.0,0.0,-1.0
2021-04-03,117.0,11234.0,11234.0,1.0,200.0,1.0,1.0,-1.0
2021-04-04,117.0,9696.0,9696.0,1.0,188.0,0.0,0.0,-1.0
2021-04-05,118.0,9574.0,9574.0,1.0,207.0,0.0,1.0,-1.0
2021-04-06,118.0,9044.0,9044.0,1.0,214.0,0.0,1.0,-1.0
2021-04-07,118.0,9910.0,9910.0,1.0,214.0,0.0,0.0,-1.0
2021-04-08,118.0,9833.0,9833.0,1.0,214.0,0.0,0.0,-1.0
2021-04-09,118.0,10917.0,10917.0,1.0,214.0,0.0,0.0,-1.0
2021-04-10,118.0,12839.0,12839.0,1.0,207.0,0.0,1.0,-1.0
2021-04-11,118.0,12441.0,12441.0,1.0,200.0,0.0,0.0,-1.0
2021-04-12,119.0,10057.0,10057.0,1.0,216.0,0.0,1.0,-1.0
2021-04-13,119.0,10511.0,10511.0,1.0,216.0,0.0,0.0,-1.0
2021-04-14,119.0,10533.0,10533.0,1.0,216.0,0.0,0.0,-1.0
2021-04-15,119.0,10513.0,10513.0,1.0,216.0,0.0,1.0,-1.0
2021-04-16,119.0,11447.0,11447.0,1.0,217.0,0.0,3.0,-1.0
2021-04-17,119.0,12896.0,12896.0,1.0,210.0,0.0,5.0,-1.0
2021-04-18,119.0,12563.0,12563.0,1.0,199.0,0.0,0.0,-1.0
2021-04-19,120.0,9553.0,9553.0,1.0,215.0,0.0,0.0,-1.0
2021-04-20,120.0,10105.0,10105.0,1.0,216.0,0.0,0.0,-1.0
2021-04-21,120.0,10482.0,10482.0,1.0,217.0,0.0,0.0,-1.0
2021-04-22,120.0,10844.0,10844.0,1.0,217.0,0.0,0.0,-1.0
2021-04-23,120.0,11508.0,11508.0,1.0,218.0,1.0,0.0,-1.0
2021-04-24,120.0,13621.0,13621.0,1.0,213.0,1.0,0.0,-1.0
2021-04-25,120.0,10801.0,10801.0,1.0,216.0,0.0,0.0,-1.0
2021-04-26,121.0,11875.0,11875.0,1.0,218.0,0.0,3.0,-1.0
2021-04-27,121.0,10616.0,10616.0,1.0,220.0,0.0,0.0,-1.0
2021-04-28,121.0,11293.0,11293.0,1.0,220.0,0.0,0.0,-1.0
2021-04-29,121.0,11870.0,11870.0,1.0,219.0,0.0,1.0,-1.0
2021-04-30,121.0,12735.0,12735.0,1.0,221.0,0.0,0.0,-1.0
2021-05-01,121.0,12575.0,12575.0,1.0,188.0,0.0,1.0,-1.0
2021-05-02,121.0,10935.0,10935.0,1.0,200.0,0.0,1.0,-1.0
2021-05-03,122.0,10358.0,10358.0,1.0,202.0,0.0,2.0,-1.0
2021-05-04,122.0,10052.0,10052.0,1.0,206.0,0.0,0.0,-1.0
2021-05-05,122.0,10669.0,10669.0,1.0,206.0,0.0,0.0,-1.0
2021-05-06,122.0,9886.0,9886.0,1.0,223.0,0.0,0.0,-1.0
2021-05-07,122.0,11112.0,11112.0,1.0,223.0,0.0,0.0,-1.0
2021-05-08,122.0,12724.0,12724.0,1.0,223.0,0.0,0.0,-1.0
2021-05-09,122.0,13069.0,13069.0,1.0,208.0,0.0,0.0,-1.0
2021-05-10,123.0,10597.0,10597.0,1.0,222.0,0.0,1.0,-1.0
2021-05-11,123.0,10874.0,10874.0,1.0,222.0,0.0,2.0,-1.0
2021-05-12,123.0,11132.0,11132.0,1.0,223.0,0.0,1.0,-1.0
2021-05-13,123.0,10738.0,10738.0,1.0,223.0,0.0,0.0,-1.0
2021-05-14,123.0,13074.0,13074.0,1.0,223.0,0.0,2.0,-1.0
2021-05-15,123.0,14116.0,14116.0,1.0,217.0,0.0,0.0,-1.0
2021-05-16,123.0,13646.0,13646.0,1.0,208.0,0.0,0.0,-1.0
2021-05-17,124.0,11077.0,11077.0,1.0,224.0,0.0,2.0,-1.0
2021-05-18,124.0,11830.0,11830.0,1.0,224.0,0.0,0.0,-1.0
2021-05-19,124.0,11749.0,11749.0,1.0,224.0,0.0,1.0,-1.0
2021-05-20,124.0,12374.0,12374.0,1.0,224.0,0.0,3.0,-1.0
2021-05-21,124.0,13331.0,13331.0,1.0,224.0,0.0,1.0,-1.0
2021-05-22,124.0,14285.0,14285.0,1.0,218.0,2.0,7.0,-1.0
2021-05-23,124.0,13278.0,13278.0,1.0,209.0,1.0,1.0,-1.0
2021-05-24,125.0,10388.0,10388.0,1.0,224.0,0.0,2.0,-1.0
2021-05-25,125.0,9854.0,9854.0,1.0,224.0,1.0,1.0,-1.0
2021-05-26,125.0,10922.0,10922.0,1.0,224.0,0.0,2.0,-1.0
2021-05-27,125.0,11857.0,11857.0,1.0,224.0,4.0,2.0,-1.0
2021-05-28,125.0,12932.0,12932.0,1.0,227.0,3.0,2.0,-1.0
2021-05-29,125.0,12419.0,12419.0,1.0,221.0,0.0,1.0,-1.0
2021-05-30,125.0,12319.0,12319.0,1.0,212.0,0.0,1.0,-1.0
2021-05-31,126.0,9441.0,9441.0,1.0,226.0,0.0,2.0,-1.0
2021-06-01,126.0,9991.0,9991.0,1.0,226.0,0.0,0.0,-1.0
2021-06-02,126.0,9165.0,9165.0,1.0,226.0,3.0,1.0,-1.0
2021-06-03,126.0,9649.0,9649.0,1.0,226.0,0.0,0.0,-1.0
2021-06-04,126.0,11058.0,11058.0,1.0,226.0,0.0,0.0,-1.0
2021-06-05,126.0,11917.0,11917.0,1.0,220.0,0.0,0.0,-1.0
2021-06-06,126.0,11727.0,11727.0,1.0,212.0,1.0,1.0,-1.0
2021-06-07,127.0,8978.0,8978.0,1.0,226.0,1.0,0.0,-1.0
2021-06-08,127.0,9735.0,9735.0,1.0,226.0,0.0,3.0,-1.0
2021-06-09,127.0,9912.0,9912.0,1.0,226.0,0.0,1.0,-1.0
2021-06-10,127.0,9844.0,9844.0,1.0,226.0,0.0,1.0,-1.0
2021-06-11,127.0,12712.0,12712.0,1.0,227.0,0.0,0.0,-1.0
2021-06-12,127.0,12728.0,12728.0,1.0,220.0,1.0,4.0,-1.0
2021-06-13,127.0,12338.0,12338.0,1.0,212.0,0.0,0.0,-1.0
2021-06-14,128.0,10436.0,10436.0,1.0,199.0,1.0,1.0,1.0
2021-06-15,128.0,8997.0,8997.0,1.0,227.0,3.0,1.0,1.0
2021-06-16,128.0,9900.0,9900.0,1.0,225.0,13.0,12.0,1.0
2021-06-17,128.0,9717.0,9717.0,1.0,226.0,3.0,1.0,1.0
2021-06-18,128.0,11145.0,11145.0,1.0,226.0,4.0,1.0,1.0
2021-06-19,128.0,10234.0,12201.71674523726,0.8387344349715932,216.0,2.0,1.0,1.0
2021-06-20,128.0,9507.0,11853.030923962884,0.8020733313687733,206.0,7.0,0.0,1.0
2021-06-21,129.0,7788.0,9731.100810989466,0.8003205548137888,220.0,2.0,5.0,1.0
2021-06-22,129.0,7008.0,9997.37808032536,0.7009837923196687,220.0,1.0,1.0,1.0
2021-06-23,129.0,7118.0,10122.82941672274,0.7031630887942443,220.0,0.0,0.0,1.0
2021-06-24,129.0,6424.0,10155.756511994388,0.6325476583071855,220.0,0.0,0.0,1.0
2021-06-25,129.0,10576.0,11335.289067176598,0.9330154650069526,220.0,1.0,2.0,1.0
2021-06-26,129.0,10184.0,10184.0,1.0,214.0,1.0,0.0,1.0
2021-06-27,129.0,9702.0,9702.0,1.0,205.0,0.0,0.0,1.0
2021-06-28,130.0,7001.0,7001.0,1.0,221.0,0.0,0.0,1.0
2021-06-29,130.0,8039.0,8039.0,1.0,221.0,1.0,0.0,-1.0
2021-06-30,130.0,8921.0,8921.0,1.0,221.0,0.0,0.0,-1.0
2021-07-01,130.0,8890.0,8890.0,1.0,221.0,0.0,0.0,-1.0
2021-07-02,130.0,11060.0,11060.0,1.0,221.0,0.0,0.0,-1.0
2021-07-03,130.0,10998.0,10998.0,1.0,218.0,0.0,0.0,-1.0
2021-07-04,130.0,10273.0,10273.0,1.0,207.0,0.0,0.0,-1.0
2021-07-05,131.0,8798.0,8798.0,1.0,223.0,0.0,0.0,-1.0
2021-07-06,131.0,9478.0,9478.0,1.0,223.0,0.0,0.0,-1.0
2021-07-07,131.0,9514.0,9514.0,1.0,225.0,0.0,0.0,-1.0
2021-07-08,131.0,9710.0,9710.0,1.0,225.0,0.0,0.0,-1.0
2021-07-09,131.0,11014.0,11014.0,1.0,225.0,0.0,0.0,-1.0
2021-07-10,131.0,11845.0,11845.0,1.0,223.0,0.0,1.0,-1.0
2021-07-11,131.0,11396.0,11396.0,1.0,212.0,0.0,0.0,-1.0
2021-07-12,132.0,9681.0,9681.0,1.0,226.0,0.0,0.0,-1.0
2021-07-13,132.0,10110.0,10110.0,1.0,226.0,0.0,0.0,-1.0
2021-07-14,132.0,9631.0,9631.0,1.0,226.0,0.0,0.0,-1.0
2021-07-15,132.0,9779.0,9779.0,1.0,227.0,0.0,0.0,-1.0
2021-07-16,132.0,9758.0,9758.0,1.0,227.0,0.0,0.0,-1.0
2021-07-17,132.0,11099.0,11099.0,1.0,223.0,0.0,0.0,-1.0
2021-07-18,132.0,11027.0,11027.0,1.0,212.0,0.0,0.0,-1.0
2021-07-19,133.0,7902.0,7902.0,1.0,226.0,3.0,0.0,-1.0
2021-07-20,133.0,8595.0,8595.0,1.0,226.0,1.0,0.0,-1.0
2021-07-21,133.0,9871.0,9871.0,1.0,226.0,0.0,0.0,-1.0
2021-07-22,133.0,10525.0,10525.0,1.0,226.0,1.0,0.0,-1.0
2021-07-23,133.0,11231.0,11231.0,1.0,226.0,1.0,0.0,-1.0
2021-07-24,133.0,11357.0,11357.0,1.0,222.0,0.0,0.0,-1.0
2021-07-25,133.0,11132.0,11132.0,1.0,211.0,0.0,0.0,-1.0
2021-07-26,134.0,9571.0,9571.0,1.0,225.0,2.0,0.0,-1.0
2021-07-27,134.0,9918.0,9918.0,1.0,225.0,0.0,0.0,-1.0
2021-07-28,134.0,10024.0,10024.0,1.0,225.0,0.0,0.0,-1.0
2021-07-29,134.0,8192.0,8192.0,1.0,225.0,0.0,0.0,-1.0
2021-07-30,134.0,10602.0,10602.0,1.0,225.0,0.0,0.0,-1.0
2021-07-31,134.0,10975.0,10975.0,1.0,223.0,0.0,0.0,-1.0
2021-08-01,134.0,10853.0,10853.0,1.0,211.0,1.0,0.0,-1.0
2021-08-02,135.0,8854.0,8854.0,1.0,225.0,0.0,0.0,-1.0
2021-08-03,135.0,8999.0,8999.0,1.0,226.0,0.0,0.0,-1.0
2021-08-04,135.0,9317.0,9317.0,1.0,226.0,0.0,0.0,-1.0
2021-08-05,135.0,8095.0,8095.0,1.0,227.0,0.0,0.0,-1.0
2021-08-06,135.0,9815.0,9815.0,1.0,226.0,1.0,0.0,-1.0
2021-08-07,135.0,11059.0,11059.0,1.0,223.0,0.0,0.0,-1.0
2021-08-08,135.0,10123.0,10123.0,1.0,212.0,0.0,0.0,-1.0
2021-08-09,136.0,8435.0,8435.0,1.0,226.0,2.0,0.0,-1.0
2021-08-10,136.0,9185.0,9185.0,1.0,225.0,0.0,0.0,-1.0
2021-08-11,136.0,9995.0,9995.0,1.0,225.0,0.0,0.0,-1.0
2021-08-12,136.0,9759.0,9759.0,1.0,226.0,1.0,0.0,-1.0
2021-08-13,136.0,10491.0,10491.0,1.0,225.0,2.0,0.0,-1.0
2021-08-14,136.0,12632.0,12632.0,1.0,222.0,0.0,0.0,-1.0
2021-08-15,136.0,11198.0,11198.0,1.0,212.0,0.0,1.0,-1.0
2021-08-16,137.0,8916.0,8916.0,1.0,225.0,0.0,0.0,-1.0
2021-08-17,137.0,9904.0,9904.0,1.0,225.0,0.0,0.0,-1.0
2021-08-18,137.0,9548.0,9548.0,1.0,225.0,0.0,0.0,-1.0
2021-08-19,137.0,9648.0,9648.0,1.0,225.0,0.0,0.0,-1.0
2021-08-20,137.0,10940.0,10940.0,1.0,225.0,0.0,0.0,-1.0
2021-08-21,137.0,11386.0,11386.0,1.0,222.0,0.0,1.0,-1.0
2021-08-22,137.0,11092.0,11092.0,1.0,213.0,1.0,0.0,-1.0
2021-08-23,138.0,9035.0,9035.0,1.0,225.0,1.0,0.0,-1.0
2021-08-24,138.0,9944.0,9944.0,1.0,226.0,0.0,0.0,-1.0
2021-08-25,138.0,10098.0,10098.0,1.0,225.0,0.0,0.0,-1.0
2021-08-26,138.0,10203.0,10203.0,1.0,225.0,1.0,0.0,-1.0
2021-08-27,138.0,9717.0,9717.0,1.0,225.0,1.0,0.0,-1.0
2021-08-28,138.0,12051.0,12051.0,1.0,223.0,0.0,1.0,-1.0
2021-08-29,138.0,11669.0,11669.0,1.0,213.0,0.0,2.0,-1.0
2021-08-30,139.0,9772.0,9772.0,1.0,226.0,1.0,1.0,-1.0
2021-08-31,139.0,9496.0,9496.0,1.0,226.0,0.0,2.0,-1.0
2021-09-01,139.0,10282.0,10282.0,1.0,227.0,0.0,0.0,-1.0
2021-09-02,139.0,10309.0,10309.0,1.0,227.0,1.0,1.0,-1.0
2021-09-03,139.0,11057.0,11057.0,1.0,227.0,0.0,0.0,-1.0
2021-09-04,139.0,12680.0,12680.0,1.0,223.0,0.0,0.0,-1.0
2021-09-05,139.0,11975.0,11975.0,1.0,214.0,1.0,1.0,-1.0
2021-09-06,140.0,9332.0,9332.0,1.0,227.0,0.0,3.0,-1.0
2021-09-07,140.0,10296.0,10296.0,1.0,227.0,0.0,1.0,-1.0
2021-09-08,140.0,10523.0,10523.0,1.0,227.0,0.0,1.0,-1.0
2021-09-09,140.0,10803.0,10803.0,1.0,229.0,0.0,0.0,-1.0
2021-09-10,140.0,11604.0,11604.0,1.0,229.0,0.0,1.0,-1.0
2021-09-11,140.0,12539.0,12539.0,1.0,226.0,0.0,1.0,-1.0
2021-09-12,140.0,12073.0,12073.0,1.0,216.0,0.0,1.0,-1.0
2021-09-13,141.0,9384.0,9384.0,1.0,228.0,0.0,0.0,-1.0
2021-09-14,141.0,8586.0,8586.0,1.0,229.0,0.0,1.0,-1.0
2021-09-15,141.0,10162.0,10162.0,1.0,231.0,1.0,0.0,-1.0
2021-09-16,141.0,10289.0,10289.0,1.0,231.0,0.0,0.0,-1.0
2021-09-17,141.0,10437.0,10437.0,1.0,231.0,0.0,1.0,-1.0
2021-09-18,141.0,11232.0,11232.0,1.0,231.0,1.0,1.0,-1.0
2021-09-19,141.0,11838.0,11838.0,1.0,219.0,0.0,1.0,-1.0
2021-09-20,142.0,10264.0,10264.0,1.0,216.0,0.0,1.0,-1.0
2021-09-21,142.0,9350.0,9350.0,1.0,207.0,0.0,0.0,-1.0
2021-09-22,142.0,9409.0,9409.0,1.0,231.0,1.0,0.0,-1.0
2021-09-23,142.0,9147.0,9147.0,1.0,230.0,0.0,1.0,-1.0
2021-09-24,142.0,9822.0,9822.0,1.0,231.0,0.0,0.0,-1.0
2021-09-25,142.0,11327.0,11327.0,1.0,227.0,1.0,0.0,-1.0
2021-09-26,142.0,10226.0,10226.0,1.0,231.0,0.0,1.0,-1.0
2021-09-27,143.0,9989.0,9989.0,1.0,233.0,0.0,0.0,-1.0
2021-09-28,143.0,10177.0,10177.0,1.0,233.0,0.0,0.0,-1.0
2021-09-29,143.0,10258.0,10258.0,1.0,235.0,0.0,0.0,-1.0
2021-09-30,143.0,11034.0,11034.0,1.0,233.0,0.0,0.0,-1.0
2021-10-01,143.0,10312.0,10051.85287335727,1.025880514758852,204.0,0.0,0.0,-1.0
2021-10-02,143.0,9720.0,10892.011047356267,0.892397185215788,204.0,0.0,0.0,-1.0
2021-10-03,143.0,8941.0,10561.735933595051,0.8465464442791292,204.0,0.0,0.0,-1.0
2021-10-04,144.0,8031.0,8460.287548725117,0.9492585155938577,219.0,1.0,0.0,-1.0
2021-10-05,144.0,8098.0,8749.147762794757,0.9255758640214392,217.0,0.0,0.0,-1.0
2021-10-06,144.0,8739.0,8899.298516278048,0.9819875110397926,219.0,0.0,0.0,-1.0
2021-10-07,144.0,8622.0,8959.039111519596,0.9623799932867544,220.0,0.0,0.0,-1.0
2021-10-08,144.0,5974.0,5974.0,1.0,232.0,0.0,0.0,-1.0
2021-10-09,144.0,7860.0,7860.0,1.0,232.0,0.0,0.0,-1.0
2021-10-10,144.0,10813.0,10813.0,1.0,226.0,0.0,0.0,-1.0
2021-10-11,145.0,9680.0,9680.0,1.0,236.0,0.0,0.0,-1.0
2021-10-12,145.0,9067.0,9067.0,1.0,236.0,0.0,0.0,-1.0
2021-10-13,145.0,7203.0,7203.0,1.0,235.0,1.0,0.0,-1.0
2021-10-14,145.0,10567.0,10567.0,1.0,236.0,0.0,1.0,-1.0
2021-10-15,145.0,11287.0,11287.0,1.0,236.0,0.0,4.0,-1.0
2021-10-16,145.0,13346.0,13346.0,1.0,232.0,0.0,0.0,-1.0
2021-10-17,145.0,13013.0,13013.0,1.0,223.0,0.0,0.0,-1.0
2021-10-18,146.0,9711.0,9711.0,1.0,234.0,0.0,0.0,-1.0
2021-10-19,146.0,9900.0,9900.0,1.0,234.0,0.0,0.0,-1.0
2021-10-20,146.0,10199.0,10199.0,1.0,235.0,0.0,0.0,-1.0
2021-10-21,146.0,9738.0,9738.0,1.0,235.0,0.0,0.0,-1.0
2021-10-22,146.0,11906.0,11906.0,1.0,235.0,1.0,1.0,-1.0
2021-10-23,146.0,13388.0,13388.0,1.0,230.0,0.0,0.0,-1.0
2021-10-24,146.0,12390.0,12390.0,1.0,222.0,0.0,0.0,-1.0
2021-10-25,147.0,9352.0,9352.0,1.0,235.0,0.0,0.0,-1.0
2021-10-26,147.0,9895.0,9895.0,1.0,235.0,2.0,0.0,-1.0
2021-10-27,147.0,10082.0,10082.0,1.0,235.0,0.0,0.0,-1.0
2021-10-28,147.0,10100.0,10100.0,1.0,236.0,0.0,1.0,-1.0
2021-10-29,147.0,11847.0,11847.0,1.0,235.0,0.0,0.0,-1.0
2021-10-30,147.0,12543.0,12543.0,1.0,231.0,1.0,1.0,-1.0
2021-10-31,147.0,12527.0,12527.0,1.0,222.0,0.0,1.0,-1.0
2021-11-01,148.0,9086.0,9086.0,1.0,235.0,0.0,1.0,-1.0
2021-11-02,148.0,10186.0,10186.0,1.0,236.0,0.0,0.0,-1.0
2021-11-03,148.0,9970.0,9970.0,1.0,235.0,0.0,0.0,-1.0
2021-11-04,148.0,10144.0,10144.0,1.0,235.0,0.0,1.0,-1.0
2021-11-05,148.0,12602.0,12602.0,1.0,235.0,0.0,0.0,-1.0
2021-11-06,148.0,12794.0,12794.0,1.0,231.0,0.0,0.0,-1.0
2021-11-07,148.0,11943.0,11943.0,1.0,222.0,0.0,1.0,-1.0
2021-11-08,149.0,9866.0,9866.0,1.0,236.0,0.0,0.0,-1.0
2021-11-09,149.0,10088.0,10088.0,1.0,236.0,0.0,0.0,-1.0
2021-11-10,149.0,10801.0,10801.0,1.0,236.0,0.0,0.0,-1.0
2021-11-11,149.0,10319.0,10319.0,1.0,236.0,0.0,0.0,-1.0
2021-11-12,149.0,12758.0,12758.0,1.0,236.0,1.0,0.0,-1.0
2021-11-13,149.0,12882.0,12882.0,1.0,232.0,0.0,0.0,-1.0
2021-11-14,149.0,12339.0,12339.0,1.0,223.0,0.0,1.0,-1.0
2021-11-15,150.0,9694.0,9694.0,1.0,236.0,0.0,0.0,-1.0
2021-11-16,150.0,9755.0,9755.0,1.0,236.0,0.0,1.0,-1.0
2021-11-17,150.0,10304.0,10304.0,1.0,236.0,0.0,0.0,-1.0
2021-11-18,150.0,9982.0,9982.0,1.0,236.0,1.0,0.0,-1.0
2021-11-19,150.0,11608.0,11608.0,1.0,236.0,1.0,0.0,-1.0
2021-11-20,150.0,12523.0,12523.0,1.0,232.0,0.0,1.0,-1.0
2021-11-21,150.0,12542.0,12542.0,1.0,223.0,0.0,0.0,-1.0
2021-11-22,151.0,9299.0,9299.0,1.0,235.0,0.0,0.0,-1.0
2021-11-23,151.0,10458.0,10458.0,1.0,237.0,0.0,0.0,-1.0
2021-11-24,151.0,10438.0,10438.0,1.0,237.0,0.0,0.0,-1.0
2021-11-25,151.0,10869.0,10869.0,1.0,236.0,2.0,0.0,-1.0
2021-11-26,151.0,11392.0,11392.0,1.0,235.0,0.0,0.0,-1.0
2021-11-27,151.0,12984.0,12984.0,1.0,231.0,0.0,2.0,-1.0
2021-11-28,151.0,12832.0,12832.0,1.0,223.0,0.0,0.0,-1.0
2021-11-29,152.0,10290.0,10290.0,1.0,235.0,0.0,0.0,-1.0
2021-11-30,152.0,10228.0,10228.0,1.0,235.0,0.0,0.0,-1.0
2021-12-01,152.0,11072.0,11072.0,1.0,236.0,1.0,0.0,-1.0
2021-12-02,152.0,11056.0,11056.0,1.0,237.0,1.0,0.0,-1.0
2021-12-03,152.0,12392.0,12392.0,1.0,239.0,0.0,3.0,-1.0
2021-12-04,152.0,13575.0,13575.0,1.0,235.0,0.0,1.0,-1.0
2021-12-05,152.0,13330.0,13330.0,1.0,227.0,0.0,0.0,-1.0
2021-12-06,153.0,10009.0,10009.0,1.0,239.0,0.0,1.0,-1.0
2021-12-07,153.0,10413.0,10413.0,1.0,239.0,0.0,0.0,-1.0
2021-12-08,153.0,10644.0,10644.0,1.0,239.0,0.0,0.0,-1.0
2021-12-09,153.0,11471.0,11471.0,1.0,239.0,0.0,2.0,-1.0
2021-12-10,153.0,11655.0,11655.0,1.0,239.0,0.0,0.0,-1.0
2021-12-11,153.0,13898.0,13898.0,1.0,236.0,0.0,0.0,-1.0
2021-12-12,153.0,12911.0,12911.0,1.0,226.0,0.0,0.0,-1.0
2021-12-13,154.0,9836.0,9836.0,1.0,239.0,0.0,0.0,-1.0
2021-12-14,154.0,10037.0,10037.0,1.0,240.0,0.0,1.0,-1.0
2021-12-15,154.0,10248.0,10248.0,1.0,240.0,0.0,0.0,-1.0
2021-12-16,154.0,10907.0,10907.0,1.0,240.0,0.0,1.0,-1.0
2021-12-17,154.0,11238.0,11238.0,1.0,241.0,1.0,0.0,-1.0
2021-12-18,154.0,13627.0,13627.0,1.0,238.0,2.0,2.0,-1.0
2021-12-19,154.0,12742.0,12742.0,1.0,228.0,1.0,1.0,-1.0
2021-12-20,155.0,9194.0,9194.0,1.0,241.0,0.0,1.0,-1.0
2021-12-21,155.0,9433.0,9433.0,1.0,241.0,0.0,0.0,-1.0
2021-12-22,155.0,11041.0,11041.0,1.0,243.0,0.0,0.0,-1.0
2021-12-23,155.0,10882.0,10882.0,1.0,243.0,1.0,0.0,-1.0
2021-12-24,155.0,13797.0,13797.0,1.0,244.0,0.0,1.0,-1.0
2021-12-25,155.0,14377.0,14377.0,1.0,241.0,5.0,0.0,-1.0
2021-12-26,155.0,12095.0,12095.0,1.0,231.0,0.0,0.0,-1.0
2021-12-27,156.0,9762.0,9762.0,1.0,244.0,0.0,2.0,-1.0
2021-12-28,156.0,10658.0,10658.0,1.0,244.0,0.0,0.0,-1.0
2021-12-29,156.0,10561.0,10561.0,1.0,245.0,0.0,0.0,-1.0
2021-12-30,156.0,11005.0,11005.0,1.0,245.0,0.0,0.0,-1.0
2021-12-31,156.0,13236.0,13236.0,1.0,245.0,1.0,0.0,-1.0
2022-01-01,156.0,12389.0,12389.0,1.0,221.0,5.0,7.0,-1.0
2022-01-02,156.0,12389.0,12389.0,1.0,230.0,1.0,0.0,-1.0
2022-01-03,157.0,11197.0,11197.0,1.0,232.0,0.0,0.0,-1.0
2022-01-04,157.0,9650.0,9650.0,1.0,245.0,4.0,0.0,-1.0
2022-01-05,157.0,11051.0,11051.0,1.0,246.0,1.0,0.0,-1.0
2022-01-06,157.0,10802.0,10802.0,1.0,246.0,1.0,0.0,-1.0
2022-01-07,157.0,9923.0,9923.0,1.0,246.0,0.0,0.0,-1.0
2022-01-08,157.0,9674.0,9674.0,1.0,242.0,2.0,0.0,-1.0
2022-01-09,157.0,8774.0,8774.0,1.0,232.0,1.0,0.0,-1.0
2022-01-10,158.0,7713.0,7713.0,1.0,244.0,1.0,0.0,-1.0
2022-01-11,158.0,8187.0,8187.0,1.0,244.0,0.0,1.0,-1.0
2022-01-12,158.0,7655.0,7655.0,1.0,244.0,7.0,1.0,-1.0
2022-01-13,158.0,7735.0,7735.0,1.0,244.0,1.0,1.0,-1.0
2022-01-14,158.0,8632.0,8632.0,1.0,244.0,1.0,0.0,-1.0
2022-01-15,158.0,8857.0,8857.0,1.0,239.0,2.0,0.0,-1.0
2022-01-16,158.0,9214.0,9214.0,1.0,231.0,0.0,0.0,-1.0
2022-01-17,159.0,7266.0,7266.0,1.0,244.0,2.0,0.0,-1.0
2022-01-18,159.0,7955.0,7955.0,1.0,244.0,1.0,1.0,-1.0
2022-01-19,159.0,8511.0,8511.0,1.0,243.0,1.0,0.0,-1.0
2022-01-20,159.0,8482.0,8482.0,1.0,244.0,0.0,1.0,-1.0
2022-01-21,159.0,8766.0,8766.0,1.0,244.0,3.0,0.0,-1.0
2022-01-22,159.0,8849.0,8849.0,1.0,241.0,0.0,0.0,-1.0
2022-01-23,159.0,8960.0,8960.0,1.0,231.0,0.0,0.0,-1.0
2022-01-24,160.0,7932.0,7932.0,1.0,246.0,0.0,1.0,-1.0
2022-01-25,160.0,8530.0,8530.0,1.0,247.0,0.0,1.0,-1.0
2022-01-26,160.0,8957.0,8957.0,1.0,247.0,0.0,0.0,-1.0
2022-01-27,160.0,8788.0,8788.0,1.0,248.0,1.0,0.0,-1.0
2022-01-28,160.0,8385.0,8385.0,1.0,248.0,0.0,1.0,-1.0
2022-01-29,160.0,8062.0,8062.0,1.0,248.0,1.0,0.0,-1.0
2022-01-30,160.0,8079.0,8079.0,1.0,248.0,0.0,0.0,-1.0
2022-01-31,161.0,4443.0,7420.65597841927,0.598734129829104,241.0,0.0,2.0,-1.0
2022-02-01,161.0,5356.0,7687.244455828615,0.6967386078036036,214.0,1.0,0.0,-1.0
2022-02-02,161.0,5525.0,7805.460686755897,0.7078377845621178,213.0,2.0,1.0,-1.0
2022-02-03,161.0,5520.0,7823.608964064453,0.7055567354343203,207.0,4.0,1.0,-1.0
2022-02-04,161.0,6403.0,8981.06820024369,0.7129441462014801,229.0,4.0,0.0,-1.0
2022-02-05,161.0,6900.0,9801.457439173808,0.7039769384114798,227.0,2.0,0.0,-1.0
2022-02-06,161.0,8030.0,9440.09356429355,0.8506271622532299,232.0,1.0,1.0,-1.0
2022-02-07,162.0,7823.0,7823.0,1.0,244.0,3.0,0.0,-1.0
2022-02-08,162.0,7846.0,7846.0,1.0,244.0,2.0,1.0,-1.0
2022-02-09,162.0,7998.0,7998.0,1.0,244.0,7.0,0.0,-1.0
2022-02-10,162.0,8102.0,8102.0,1.0,246.0,1.0,0.0,-1.0
2022-02-11,162.0,9233.0,9233.0,1.0,246.0,4.0,1.0,-1.0
2022-02-12,162.0,9588.0,9588.0,1.0,242.0,11.0,2.0,-1.0
2022-02-13,162.0,8949.0,8949.0,1.0,232.0,1.0,0.0,-1.0
2022-02-14,163.0,10293.0,10293.0,1.0,246.0,1.0,0.0,-1.0
2022-02-15,163.0,8603.0,8603.0,1.0,246.0,2.0,0.0,-1.0
2022-02-16,163.0,8790.0,8790.0,1.0,246.0,3.0,0.0,-1.0
2022-02-17,163.0,7253.0,7253.0,1.0,246.0,6.0,2.0,-1.0
2022-02-18,163.0,8520.0,8520.0,1.0,245.0,3.0,0.0,-1.0
2022-02-19,163.0,6762.0,6762.0,1.0,242.0,3.0,0.0,-1.0
2022-02-20,163.0,6849.0,6849.0,1.0,232.0,8.0,0.0,-1.0
2022-02-21,164.0,6028.0,6028.0,1.0,250.0,6.0,1.0,-1.0
2022-02-22,164.0,6751.0,6751.0,1.0,251.0,3.0,0.0,-1.0
2022-02-23,164.0,7783.0,7783.0,1.0,249.0,7.0,1.0,-1.0
2022-02-24,164.0,7458.0,7458.0,1.0,248.0,8.0,1.0,-1.0
2022-02-25,164.0,7311.0,7311.0,1.0,244.0,8.0,5.0,-1.0
2022-02-26,164.0,6785.0,6785.0,1.0,240.0,9.0,9.0,-1.0
2022-02-27,164.0,7368.0,7368.0,1.0,227.0,26.0,4.0,-1.0
2022-02-28,165.0,5953.0,5953.0,1.0,232.0,30.0,6.0,-1.0
2022-03-01,165.0,6183.0,6183.0,1.0,229.0,23.0,5.0,-1.0
2022-03-02,165.0,5662.0,5662.0,1.0,227.0,25.0,0.0,-1.0
2022-03-03,165.0,5512.0,5512.0,1.0,231.0,23.0,2.0,-1.0
2022-03-04,165.0,5512.0,5512.0,1.0,231.0,22.0,1.0,-1.0
2022-03-05,165.0,6056.0,6056.0,1.0,227.0,21.0,0.0,-1.0
2022-03-06,165.0,6119.0,6119.0,1.0,218.0,17.0,0.0,-1.0
2022-03-07,166.0,5559.0,5559.0,1.0,238.0,19.0,0.0,2.0
2022-03-08,166.0,7257.0,7257.0,1.0,235.0,13.0,0.0,2.0
2022-03-09,166.0,6194.0,6194.0,1.0,236.0,6.0,0.0,2.0
2022-03-10,166.0,6484.0,6484.0,1.0,239.0,15.0,0.0,2.0
2022-03-11,166.0,6309.0,6309.0,1.0,241.0,9.0,2.0,2.0
2022-03-12,166.0,3101.0,9998.623499054976,0.3101426911707489,233.0,27.0,2.0,2.0
2022-03-13,166.0,1700.0,9658.630913631898,0.1760083820576135,213.0,60.0,6.0,2.0
2022-03-14,167.0,698.0,7530.6027711920415,0.0926884634879647,182.0,75.0,11.0,2.0
2022-03-15,167.0,463.0,7776.376507726176,0.0595392982245637,162.0,39.0,21.0,2.0
2022-03-16,167.0,161.0,7867.639157265999,0.0204635719536414,102.0,55.0,37.0,2.0
2022-03-17,167.0,119.0,7853.727703607665,0.0151520404693094,66.0,71.0,20.0,2.0
2022-03-18,167.0,209.0,8975.094714105177,0.0232866623314333,67.0,69.0,36.0,2.0
2022-03-19,167.0,184.0,9756.449555587964,0.0188593195661648,65.0,46.0,31.0,2.0
2022-03-20,167.0,226.0,9354.19203741586,0.0241602908189207,63.0,49.0,17.0,2.0
2022-03-21,168.0,5001.0,7169.107498684056,0.697576372082295,224.0,33.0,11.0,2.0
2022-03-22,168.0,4812.0,4812.0,1.0,231.0,23.0,5.0,2.0
2022-03-23,168.0,3446.0,3446.0,1.0,234.0,13.0,5.0,2.0
2022-03-24,168.0,4423.0,4423.0,1.0,236.0,5.0,4.0,2.0
2022-03-25,168.0,4641.0,4641.0,1.0,235.0,2.0,1.0,2.0
2022-03-26,168.0,6106.0,6106.0,1.0,219.0,2.0,5.0,2.0
2022-03-27,168.0,5949.0,5949.0,1.0,212.0,0.0,3.0,2.0
2022-03-28,169.0,4835.0,4835.0,1.0,241.0,1.0,6.0,2.0
2022-03-29,169.0,6684.0,6684.0,1.0,242.0,3.0,6.0,-1.0
2022-03-30,169.0,7037.0,7037.0,1.0,240.0,1.0,7.0,-1.0
2022-03-31,169.0,7408.0,7408.0,1.0,241.0,6.0,3.0,-1.0
2022-04-01,169.0,6319.0,6319.0,1.0,242.0,0.0,2.0,-1.0
2022-04-02,169.0,6868.0,6868.0,1.0,241.0,0.0,2.0,-1.0
2022-04-03,169.0,8742.0,8742.0,1.0,215.0,0.0,1.0,-1.0
2022-04-04,170.0,7546.0,7546.0,1.0,212.0,3.0,27.0,-1.0
2022-04-05,170.0,7260.0,7260.0,1.0,208.0,0.0,0.0,-1.0
2022-04-06,170.0,6895.0,6895.0,1.0,241.0,2.0,28.0,-1.0
2022-04-07,170.0,7571.0,7571.0,1.0,242.0,0.0,8.0,-1.0
2022-04-08,170.0,6545.0,6545.0,1.0,242.0,0.0,0.0,-1.0
2022-04-09,170.0,7726.0,7726.0,1.0,235.0,1.0,0.0,-1.0
2022-04-10,170.0,7710.0,7710.0,1.0,227.0,0.0,4.0,-1.0
2022-04-11,171.0,6134.0,6134.0,1.0,244.0,0.0,1.0,-1.0
2022-04-12,171.0,5525.0,5525.0,1.0,244.0,0.0,0.0,-1.0
2022-04-13,171.0,7380.0,7380.0,1.0,244.0,2.0,3.0,-1.0
2022-04-14,171.0,7285.0,7285.0,1.0,244.0,8.0,13.0,-1.0
2022-04-15,171.0,8444.0,8444.0,1.0,244.0,1.0,7.0,-1.0
2022-04-16,171.0,8996.0,8996.0,1.0,237.0,2.0,2.0,-1.0
2022-04-17,171.0,8837.0,8837.0,1.0,230.0,6.0,2.0,-1.0
2022-04-18,172.0,6805.0,6805.0,1.0,244.0,2.0,2.0,-1.0
2022-04-19,172.0,6875.0,6875.0,1.0,244.0,1.0,0.0,-1.0
2022-04-20,172.0,7561.0,7561.0,1.0,244.0,0.0,0.0,-1.0
2022-04-21,172.0,7769.0,7769.0,1.0,244.0,0.0,0.0,-1.0
2022-04-22,172.0,8233.0,8233.0,1.0,244.0,0.0,0.0,-1.0
2022-04-23,172.0,10335.0,10335.0,1.0,240.0,0.0,1.0,-1.0
2022-04-24,172.0,8615.0,8615.0,1.0,246.0,0.0,0.0,-1.0
2022-04-25,173.0,7643.0,7643.0,1.0,246.0,0.0,0.0,-1.0
2022-04-26,173.0,8055.0,8055.0,1.0,246.0,0.0,0.0,-1.0
2022-04-27,173.0,8130.0,8130.0,1.0,246.0,0.0,0.0,-1.0
2022-04-28,173.0,8781.0,8781.0,1.0,246.0,0.0,0.0,-1.0
2022-04-29,173.0,9615.0,9615.0,1.0,246.0,0.0,0.0,-1.0
2022-04-30,173.0,10237.0,10237.0,1.0,232.0,0.0,0.0,-1.0
2022-05-01,173.0,7358.0,7358.0,1.0,213.0,0.0,0.0,-1.0
2022-05-02,174.0,8374.0,8374.0,1.0,224.0,0.0,0.0,-1.0
2022-05-03,174.0,8197.0,8197.0,1.0,225.0,0.0,0.0,-1.0
2022-05-04,174.0,8610.0,8610.0,1.0,232.0,0.0,0.0,-1.0
2022-05-05,174.0,7971.0,7971.0,1.0,249.0,0.0,0.0,-1.0
2022-05-06,174.0,8482.0,8482.0,1.0,249.0,0.0,0.0,-1.0
2022-05-07,174.0,8711.0,8711.0,1.0,249.0,0.0,0.0,-1.0
2022-05-08,174.0,9729.0,9729.0,1.0,235.0,0.0,0.0,-1.0
2022-05-09,175.0,8222.0,8222.0,1.0,249.0,0.0,0.0,-1.0
2022-05-10,175.0,7915.0,7915.0,1.0,249.0,1.0,1.0,-1.0
2022-05-11,175.0,6271.0,6271.0,1.0,250.0,0.0,2.0,-1.0
2022-05-12,175.0,5658.0,5658.0,1.0,250.0,0.0,1.0,-1.0
2022-05-13,175.0,8049.0,8049.0,1.0,251.0,0.0,1.0,-1.0
2022-05-14,175.0,10456.0,10456.0,1.0,245.0,0.0,1.0,-1.0
2022-05-15,175.0,9820.0,9820.0,1.0,235.0,0.0,0.0,-1.0
2022-05-16,176.0,7371.0,7371.0,1.0,251.0,0.0,0.0,-1.0
2022-05-17,176.0,8806.0,8806.0,1.0,252.0,0.0,0.0,-1.0
2022-05-18,176.0,8763.0,8763.0,1.0,253.0,0.0,0.0,-1.0
2022-05-19,176.0,8784.0,8784.0,1.0,253.0,0.0,0.0,-1.0
2022-05-20,176.0,10302.0,10302.0,1.0,254.0,0.0,0.0,-1.0
2022-05-21,176.0,10750.0,10750.0,1.0,249.0,0.0,0.0,-1.0
2022-05-22,176.0,10515.0,10515.0,1.0,239.0,0.0,0.0,-1.0
2022-05-23,177.0,7675.0,7675.0,1.0,254.0,0.0,0.0,-1.0
2022-05-24,177.0,8485.0,8485.0,1.0,254.0,0.0,0.0,-1.0
2022-05-25,177.0,8593.0,8593.0,1.0,254.0,0.0,0.0,-1.0
2022-05-26,177.0,8680.0,8680.0,1.0,254.0,0.0,0.0,-1.0
2022-05-27,177.0,7667.0,7667.0,1.0,254.0,0.0,0.0,-1.0
2022-05-28,177.0,11299.0,11299.0,1.0,248.0,0.0,0.0,-1.0
2022-05-29,177.0,10685.0,10685.0,1.0,239.0,0.0,0.0,-1.0
2022-05-30,178.0,8188.0,8188.0,1.0,253.0,0.0,0.0,-1.0
2022-05-31,178.0,8735.0,8735.0,1.0,253.0,0.0,0.0,-1.0
2022-06-01,178.0,9654.0,9654.0,1.0,253.0,0.0,0.0,-1.0
2022-06-02,178.0,9402.0,9402.0,1.0,253.0,0.0,0.0,-1.0
2022-06-03,178.0,9171.0,9171.0,1.0,221.0,0.0,0.0,-1.0
2022-06-04,178.0,9866.0,9866.0,1.0,233.0,0.0,0.0,-1.0
2022-06-05,178.0,9188.0,9188.0,1.0,233.0,0.0,0.0,-1.0
2022-06-06,179.0,6638.0,6638.0,1.0,253.0,0.0,0.0,-1.0
2022-06-07,179.0,6988.0,6988.0,1.0,253.0,0.0,0.0,-1.0
2022-06-08,179.0,6801.0,6801.0,1.0,253.0,0.0,0.0,-1.0
2022-06-09,179.0,8559.0,8559.0,1.0,253.0,0.0,0.0,-1.0
2022-06-10,179.0,10210.0,10210.0,1.0,253.0,0.0,0.0,-1.0
2022-06-11,179.0,10197.0,10197.0,1.0,247.0,0.0,0.0,-1.0
2022-06-12,179.0,11625.0,11625.0,1.0,237.0,0.0,0.0,-1.0
2022-06-13,180.0,8505.0,8505.0,1.0,254.0,0.0,0.0,-1.0
2022-06-14,180.0,7239.0,7239.0,1.0,254.0,0.0,0.0,-1.0
2022-06-15,180.0,8437.0,8437.0,1.0,255.0,0.0,0.0,-1.0
2022-06-16,180.0,8369.0,8369.0,1.0,255.0,0.0,0.0,-1.0
2022-06-17,180.0,10199.0,10199.0,1.0,255.0,0.0,0.0,-1.0
2022-06-18,180.0,10839.0,10839.0,1.0,249.0,0.0,0.0,-1.0
2022-06-19,180.0,9579.0,9579.0,1.0,239.0,0.0,2.0,-1.0
2022-06-20,181.0,7564.0,7564.0,1.0,255.0,0.0,0.0,-1.0
2022-06-21,181.0,7863.0,7863.0,1.0,255.0,0.0,2.0,-1.0
2022-06-22,181.0,8027.0,8027.0,1.0,255.0,0.0,0.0,-1.0
2022-06-23,181.0,7561.0,7561.0,1.0,255.0,0.0,3.0,-1.0
2022-06-24,181.0,9208.0,9208.0,1.0,255.0,1.0,4.0,-1.0
2022-06-25,181.0,8734.0,8734.0,1.0,242.0,5.0,2.0,-1.0
2022-06-26,181.0,8111.0,8111.0,1.0,230.0,0.0,4.0,-1.0
2022-06-27,182.0,6614.0,6614.0,1.0,249.0,3.0,0.0,-1.0
2022-06-28,182.0,7218.0,7218.0,1.0,253.0,1.0,4.0,-1.0
2022-06-29,182.0,7256.0,7256.0,1.0,253.0,1.0,2.0,-1.0
2022-06-30,182.0,6601.0,6601.0,1.0,252.0,2.0,2.0,-1.0
2022-07-01,182.0,8176.0,8176.0,1.0,253.0,0.0,2.0,-1.0
2022-07-02,182.0,7299.0,7299.0,1.0,248.0,0.0,1.0,-1.0
2022-07-03,182.0,9669.0,9669.0,1.0,239.0,0.0,0.0,-1.0
2022-07-04,183.0,6547.0,6547.0,1.0,256.0,0.0,0.0,-1.0
2022-07-05,183.0,7552.0,7552.0,1.0,257.0,0.0,1.0,-1.0
2022-07-06,183.0,8129.0,8129.0,1.0,256.0,0.0,0.0,-1.0
2022-07-07,183.0,7642.0,7642.0,1.0,256.0,1.0,1.0,-1.0
2022-07-08,183.0,10893.0,10893.0,1.0,256.0,2.0,4.0,-1.0
2022-07-09,183.0,9967.0,9967.0,1.0,247.0,0.0,1.0,-1.0
2022-07-10,183.0,9691.0,9691.0,1.0,237.0,1.0,2.0,-1.0
2022-07-11,184.0,7613.0,7613.0,1.0,253.0,2.0,1.0,-1.0
2022-07-12,184.0,7851.0,7851.0,1.0,254.0,0.0,4.0,-1.0
2022-07-13,184.0,7924.0,7924.0,1.0,254.0,1.0,1.0,-1.0
2022-07-14,184.0,7757.0,7757.0,1.0,256.0,1.0,2.0,-1.0
2022-07-15,184.0,9561.0,9561.0,1.0,256.0,1.0,1.0,-1.0
2022-07-16,184.0,9264.0,9264.0,1.0,249.0,0.0,5.0,-1.0
2022-07-17,184.0,8707.0,8707.0,1.0,237.0,2.0,2.0,-1.0
2022-07-18,185.0,7298.0,7298.0,1.0,256.0,1.0,8.0,-1.0
2022-07-19,185.0,7578.0,7578.0,1.0,256.0,3.0,5.0,-1.0
2022-07-20,185.0,7625.0,7625.0,1.0,256.0,14.0,5.0,-1.0
2022-07-21,185.0,7730.0,7730.0,1.0,255.0,17.0,5.0,-1.0
2022-07-22,185.0,9472.0,9472.0,1.0,255.0,7.0,13.0,-1.0
2022-07-23,185.0,7689.0,7689.0,1.0,255.0,22.0,9.0,-1.0
2022-07-24,185.0,7615.0,7615.0,1.0,253.0,10.0,10.0,-1.0
2022-07-25,186.0,6624.0,6624.0,1.0,256.0,9.0,13.0,-1.0
2022-07-26,186.0,7449.0,7449.0,1.0,259.0,5.0,15.0,-1.0
2022-07-27,186.0,7330.0,7330.0,1.0,261.0,2.0,3.0,-1.0
2022-07-28,186.0,7380.0,7380.0,1.0,261.0,4.0,8.0,-1.0
2022-07-29,186.0,9324.0,9324.0,1.0,260.0,2.0,2.0,-1.0
2022-07-30,186.0,7957.0,7957.0,1.0,261.0,1.0,2.0,-1.0
2022-07-31,186.0,8786.0,8786.0,1.0,253.0,1.0,2.0,-1.0
